出發日期,星期,出發時間,出發時段,出發機場代號,抵達時間,抵達時段,抵達機場代號,航空公司,航空聯盟,停靠站數量,停留時間,飛行時間,是否過夜,機型,機型分類,航班代碼,艙等,平均價格,最低價格,中位數價格,價格變異,隨機購買平均價格,最低價格剩餘天數,筆數
2025-01-20,週一,上午9:20,上午班機,TSA,中午12:45,下午抵達,GMP,中華航空,2,直達航班。,Non-stop,2 小時 25 分鐘,No,Boeing 737,0,CI 260,商務艙,20616,14877,20167.0,8637778.53,23073.25,19,87
2025-01-20,週一,下午1:40,下午班機,TPE,下午5:00,下午抵達,ICN,韓亞航空,1,直達航班。,Non-stop,2 小時 20 分鐘,No,Airbus A380,2,OZ 712,商務艙,17638,14098,16701.0,5063091.92,16647.25,60,87
2025-01-20,週一,下午5:10,下午班機,TPE,晚上8:30,晚間抵達,ICN,韓亞航空,1,直達航班。,Non-stop,2 小時 20 分鐘,No,Airbus A330,1,OZ 714,商務艙,17043,14098,16698.0,5138406.25,16049.5,60,79
2025-01-20,週一,中午12:25,下午班機,TPE,下午3:50,下午抵達,ICN,大韓航空,2,直達航班。,Non-stop,2 小時 25 分鐘,No,Boeing 787-10,1,KE 186,商務艙,17689,16670,16676.0,2597048.19,16882.5,75,41
2025-01-20,週一,晚上7:25,晚間班機,TPE,晚上10:55,晚間抵達,ICN,大韓航空,2,直達航班。,Non-stop,2 小時 30 分鐘,No,Airbus A330,1,KE 188,商務艙,17288,16670,16675.0,1586146.25,17972.75,75,36
2025-01-20,週一,清晨7:55,早晨班機,TPE,上午11:20,上午抵達,ICN,中華航空,2,直達航班。,Non-stop,2 小時 25 分鐘,No,Airbus A330,1,CI 160,商務艙,18183,16218,18274.0,550825.38,17756.25,19,90
2025-01-21,週二,下午1:40,下午班機,TPE,下午5:00,下午抵達,ICN,韓亞航空,1,直達航班。,Non-stop,2 小時 20 分鐘,No,Airbus A380,2,OZ 712,商務艙,16346,14098,16691.0,3404624.45,16691.75,61,77
2025-01-21,週二,下午2:30,下午班機,TSA,下午6:00,晚間抵達,GMP,長榮航空,1,直達航班。,Non-stop,2 小時 30 分鐘,No,Airbus A321,0,BR 156,商務艙,22666,16500,22815.0,904246.47,22813.75,20,84
2025-01-21,週二,下午3:15,下午班機,TPE,下午6:45,晚間抵達,ICN,長榮航空,1,直達航班。,Non-stop,2 小時 30 分鐘,No,Airbus A330,1,BR 160,商務艙,22542,16196,22501.0,1658634.56,22498.5,20,87
2025-01-21,週二,下午3:45,下午班機,TPE,晚上7:15,晚間抵達,ICN,中華航空,2,直達航班。,Non-stop,2 小時 30 分鐘,No,Airbus A330,1,CI 162,商務艙,18151,16687,17687.5,2516950.69,17207.0,76,86
2025-01-21,週二,下午5:10,下午班機,TPE,晚上8:30,晚間抵達,ICN,韓亞航空,1,直達航班。,Non-stop,2 小時 20 分鐘,No,Airbus A330,1,OZ 714,商務艙,17179,14098,16692.0,7757593.8,16690.25,61,78
2025-01-21,週二,中午12:25,下午班機,TPE,下午3:50,下午抵達,ICN,大韓航空,2,直達航班。,Non-stop,2 小時 25 分鐘,No,Boeing 787-10,1,KE 186,商務艙,18753,16670,17517.0,4675965.27,18132.5,76,53
2025-01-21,週二,晚上7:25,晚間班機,TPE,晚上10:55,晚間抵達,ICN,大韓航空,2,直達航班。,Non-stop,2 小時 30 分鐘,No,Boeing 777,1,KE 188,商務艙,17514,16670,17515.0,1763646.23,17516.5,76,77
2025-01-21,週二,清晨7:05,早晨班機,TPE,上午10:30,上午抵達,ICN,長榮航空,1,直達航班。,Non-stop,2 小時 25 分鐘,No,Airbus A321,0,BR 170,商務艙,23364,22474,22498.0,3097668.21,24703.0,76,65
2025-01-21,週二,清晨7:55,早晨班機,TPE,上午11:20,上午抵達,ICN,中華航空,2,直達航班。,Non-stop,2 小時 25 分鐘,No,Airbus A330,1,CI 160,經濟艙,20952,17236,22373.0,5288683.66,19812.5,76,80
2025-01-22,週三,下午1:40,下午班機,TPE,下午5:00,下午抵達,ICN,韓亞航空,1,直達航班。,Non-stop,2 小時 20 分鐘,No,Airbus A380,2,OZ 712,商務艙,17463,14098,16699.0,6975253.25,19252.75,62,91
2025-01-22,週三,下午5:10,下午班機,TPE,晚上8:30,晚間抵達,ICN,韓亞航空,1,直達航班。,Non-stop,2 小時 20 分鐘,No,Airbus A330,1,OZ 714,商務艙,17457,14098,16699.0,4109841.86,16645.75,62,82
2025-01-22,週三,中午12:25,下午班機,TPE,下午3:50,下午抵達,ICN,大韓航空,2,直達航班。,Non-stop,2 小時 25 分鐘,No,Boeing 787-10,1,KE 186,商務艙,19308,17507,18751.0,1872930.71,19220.0,91,75
2025-01-22,週三,晚上7:25,晚間班機,TPE,晚上10:55,晚間抵達,ICN,大韓航空,2,直達航班。,Non-stop,2 小時 30 分鐘,No,Boeing 777,1,KE 188,商務艙,18193,16670,17524.0,2665837.46,19393.0,77,87
2025-01-22,週三,清晨7:55,早晨班機,TPE,上午11:20,上午抵達,ICN,中華航空,2,直達航班。,Non-stop,2 小時 25 分鐘,No,Airbus A330,1,CI 160,商務艙,18853,17236,18274.0,3100930.63,19419.25,77,87
2025-01-23,週四,上午9:20,上午班機,TSA,中午12:45,下午抵達,GMP,中華航空,2,直達航班。,Non-stop,2 小時 25 分鐘,No,Boeing 737,0,CI 260,商務艙,21867,17785,22817.0,8535836.6,21223.75,78,86
2025-01-23,週四,下午1:40,下午班機,TPE,下午5:00,下午抵達,ICN,韓亞航空,1,直達航班。,Non-stop,2 小時 20 分鐘,No,Airbus A380,2,OZ 712,商務艙,18160,14100,17599.0,3743091.04,18047.5,64,72
2025-01-23,週四,下午3:15,下午班機,TPE,下午6:45,晚間抵達,ICN,長榮航空,1,直達航班。,Non-stop,2 小時 30 分鐘,No,Boeing 787,1,BR 160,商務艙,22867,16196,22501.0,2294053.31,22498.25,22,90
2025-01-23,週四,下午3:45,下午班機,TPE,晚上7:15,晚間抵達,ICN,中華航空,2,直達航班。,Non-stop,2 小時 30 分鐘,No,Airbus A330,1,CI 162,商務艙,18019,16218,17689.0,1594724.49,17441.5,22,84
2025-01-23,週四,下午5:10,下午班機,TPE,晚上8:30,晚間抵達,ICN,韓亞航空,1,直達航班。,Non-stop,2 小時 20 分鐘,No,Airbus A330,1,OZ 714,商務艙,17973,14098,16701.0,7959639.79,17625.5,63,79
2025-01-23,週四,中午12:25,下午班機,TPE,下午3:50,下午抵達,ICN,大韓航空,2,直達航班。,Non-stop,2 小時 25 分鐘,No,Boeing 787-10,1,KE 186,商務艙,18474,17505,17518.0,1883772.21,18129.0,78,60
2025-01-23,週四,晚上7:25,晚間班機,TPE,晚上10:55,晚間抵達,ICN,大韓航空,2,直達航班。,Non-stop,2 小時 30 分鐘,No,Boeing 787,1,KE 188,商務艙,18337,16670,17515.0,4887773.82,19275.5,78,76
2025-01-23,週四,清晨7:05,早晨班機,TPE,上午10:30,上午抵達,ICN,長榮航空,1,直達航班。,Non-stop,2 小時 25 分鐘,No,Airbus A321,0,BR 170,商務艙,23143,16196,22501.0,3246903.49,22495.75,22,85
2025-01-23,週四,清晨7:55,早晨班機,TPE,上午11:20,上午抵達,ICN,中華航空,2,直達航班。,Non-stop,2 小時 25 分鐘,No,Airbus A330,1,CI 160,商務艙,18653,17236,18271.0,1885983.29,17504.75,78,78
2025-01-24,週五,上午9:20,上午班機,TSA,中午12:50,下午抵達,GMP,長榮航空,1,直達航班。,Non-stop,2 小時 30 分鐘,No,Airbus A321,0,BR 156,商務艙,26792,14857,27229.0,2049094.84,26842.75,23,75
2025-01-24,週五,下午1:40,下午班機,TPE,下午5:00,下午抵達,ICN,韓亞航空,1,直達航班。,Non-stop,2 小時 20 分鐘,No,Airbus A380,2,OZ 712,商務艙,18505,14221,17600.0,3037143.88,18727.5,23,88
2025-01-24,週五,下午3:15,下午班機,TPE,下午6:45,晚間抵達,ICN,長榮航空,1,直達航班。,Non-stop,2 小時 30 分鐘,No,Boeing 787,1,BR 160,商務艙,23059,14552,22501.0,3429106.64,24712.0,23,90
2025-01-24,週五,下午3:45,下午班機,TPE,晚上7:15,晚間抵達,ICN,中華航空,2,直達航班。,Non-stop,2 小時 30 分鐘,No,Airbus A330,1,CI 162,商務艙,20751,16218,22373.0,6242661.38,19534.75,23,81
2025-01-24,週五,下午5:10,下午班機,TPE,晚上8:30,晚間抵達,ICN,韓亞航空,1,直達航班。,Non-stop,2 小時 20 分鐘,No,Airbus A350,1,OZ 714,商務艙,17950,14098,17600.0,3274402.57,18123.0,64,81
2025-01-24,週五,中午12:25,下午班機,TPE,下午3:50,下午抵達,ICN,大韓航空,2,直達航班。,Non-stop,2 小時 25 分鐘,No,Boeing 787-10,1,KE 186,商務艙,19344,16670,18752.0,4179814.21,19271.5,79,68
2025-01-24,週五,晚上7:25,晚間班機,TPE,晚上10:55,晚間抵達,ICN,大韓航空,2,直達航班。,Non-stop,2 小時 30 分鐘,No,Boeing 787,1,KE 188,商務艙,18169,16670,17901.5,3024363.45,17403.75,79,82
2025-01-24,週五,清晨7:05,早晨班機,TPE,上午10:30,上午抵達,ICN,長榮航空,1,直達航班。,Non-stop,2 小時 25 分鐘,No,Airbus A330,1,BR 170,商務艙,26458,16196,26906.0,1656419.74,26416.5,23,91
2025-01-24,週五,清晨7:55,早晨班機,TPE,上午11:20,上午抵達,ICN,中華航空,2,直達航班。,Non-stop,2 小時 25 分鐘,No,Airbus A330,1,CI 160,商務艙,21343,17238,22372.0,10714938.23,21961.5,82,65
2025-01-25,週六,上午9:20,上午班機,TSA,中午12:50,下午抵達,GMP,長榮航空,1,直達航班。,Non-stop,2 小時 30 分鐘,No,Airbus A321,0,BR 156,商務艙,29061,18204,29184.0,1544870.86,29273.25,24,89
2025-01-25,週六,下午1:40,下午班機,TPE,下午5:00,下午抵達,ICN,韓亞航空,1,直達航班。,Non-stop,2 小時 20 分鐘,No,Airbus A380,2,OZ 712,商務艙,19174,16699,19094.0,3749124.18,20226.5,37,85
2025-01-25,週六,下午5:10,下午班機,TPE,晚上8:30,晚間抵達,ICN,韓亞航空,1,直達航班。,Non-stop,2 小時 20 分鐘,No,Airbus A330,1,OZ 714,商務艙,18255,15837,17600.0,3134587.38,17307.75,24,87
2025-01-25,週六,中午12:25,下午班機,TPE,下午3:50,下午抵達,ICN,大韓航空,2,直達航班。,Non-stop,2 小時 25 分鐘,No,Boeing 787-10,1,KE 186,商務艙,19373,18740,18751.0,1583982.64,18749.5,80,65
2025-01-25,週六,晚上7:25,晚間班機,TPE,晚上10:55,晚間抵達,ICN,大韓航空,2,直達航班。,Non-stop,2 小時 30 分鐘,No,Boeing 777,1,KE 188,商務艙,17997,15869,17517.0,2044119.41,17513.25,24,56
2025-01-25,週六,清晨5:05,凌晨班機,TPE,上午8:30,早晨抵達,ICN,中華航空,2,直達航班。,Non-stop,2 小時 25 分鐘,No,Airbus A321neo,0,CI 2160,商務艙,22560,20118,21641.5,6273275.84,21273.75,24,46
2025-01-25,週六,清晨7:05,早晨班機,TPE,上午10:30,上午抵達,ICN,長榮航空,1,直達航班。,Non-stop,2 小時 25 分鐘,No,Airbus A321,0,BR 170,經濟艙,28693,17900,28857.0,1764790.16,28848.0,24,68
2025-01-25,週六,清晨7:55,早晨班機,TPE,上午11:20,上午抵達,ICN,中華航空,2,直達航班。,Non-stop,2 小時 25 分鐘,No,Airbus A330,1,CI 160,商務艙,23781,22348,24580.0,1932665.06,24826.0,80,87
2025-01-26,週日,上午9:20,上午班機,TSA,中午12:45,下午抵達,GMP,中華航空,2,直達航班。,Non-stop,2 小時 25 分鐘,No,Boeing 737,0,CI 260,商務艙,27033,13170,28363.0,6495779.44,27529.25,25,91
2025-01-26,週日,下午1:40,下午班機,TPE,下午5:00,下午抵達,ICN,韓亞航空,1,直達航班。,Non-stop,2 小時 20 分鐘,No,Airbus A380,2,OZ 712,商務艙,17713,15837,16705.0,2170558.08,16710.0,25,91
2025-01-26,週日,下午3:15,下午班機,TPE,下午6:45,晚間抵達,ICN,長榮航空,1,直達航班。,Non-stop,2 小時 30 分鐘,No,Boeing 787,1,BR 160,商務艙,22543,13762,22588.0,984860.56,22588.0,25,91
2025-01-26,週日,下午3:45,下午班機,TPE,晚上7:15,晚間抵達,ICN,中華航空,2,直達航班。,Non-stop,2 小時 30 分鐘,No,Airbus A330,1,CI 162,商務艙,21650,13049,21746.0,831306.52,21745.25,25,91
2025-01-26,週日,下午5:10,下午班機,TPE,晚上8:30,晚間抵達,ICN,韓亞航空,1,直達航班。,Non-stop,2 小時 20 分鐘,No,Airbus A330,1,OZ 714,商務艙,17771,16604,16701.0,3118649.1,17298.75,25,91
2025-01-26,週日,中午12:25,下午班機,TPE,下午3:50,下午抵達,ICN,大韓航空,2,直達航班。,Non-stop,2 小時 25 分鐘,No,Boeing 787-10,1,KE 186,商務艙,21554,18741,21867.0,893174.64,21869.25,86,60
2025-01-26,週日,晚上7:25,晚間班機,TPE,晚上10:55,晚間抵達,ICN,大韓航空,2,直達航班。,Non-stop,2 小時 30 分鐘,No,Airbus A330,1,KE 188,商務艙,18691,13981,17517.0,5432270.13,17405.5,25,68
2025-01-26,週日,清晨6:05,早晨班機,TPE,上午9:30,上午抵達,ICN,中華航空,2,直達航班。,Non-stop,2 小時 25 分鐘,No,Airbus A321neo,0,CI 2160,商務艙,21869,10837,22371.0,4635168.64,21642.75,25,47
2025-01-26,週日,清晨7:05,早晨班機,TPE,上午10:30,上午抵達,ICN,長榮航空,1,直達航班。,Non-stop,2 小時 25 分鐘,No,Airbus A330,1,BR 170,商務艙,24651,14796,24943.0,1482786.53,24936.5,25,91
2025-01-26,週日,清晨7:55,早晨班機,TPE,上午11:20,上午抵達,ICN,中華航空,2,直達航班。,Non-stop,2 小時 25 分鐘,No,Airbus A330,1,CI 160,商務艙,23243,13049,22391.0,2375523.52,24035.75,25,91
2025-01-27,週一,上午9:20,上午班機,TSA,中午12:45,下午抵達,GMP,中華航空,2,直達航班。,Non-stop,2 小時 25 分鐘,No,Boeing 737,0,CI 260,商務艙,24546,13170,25021.0,3140568.89,25015.25,26,91
2025-01-27,週一,下午1:40,下午班機,TPE,下午5:00,下午抵達,ICN,韓亞航空,1,直達航班。,Non-stop,2 小時 20 分鐘,No,Airbus A380,2,OZ 712,商務艙,17616,13936,16700.0,3779492.67,16700.25,26,91
2025-01-27,週一,下午3:15,下午班機,TPE,下午6:45,晚間抵達,ICN,長榮航空,1,直達航班。,Non-stop,2 小時 30 分鐘,No,Boeing 787-10,1,BR 160,商務艙,22459,10841,22588.0,1516585.15,22580.25,26,91
2025-01-27,週一,下午3:45,下午班機,TPE,晚上7:15,晚間抵達,ICN,中華航空,2,直達航班。,Non-stop,2 小時 30 分鐘,No,Airbus A330,1,CI 162,商務艙,21623,10550,21746.0,1377664.39,21737.25,26,91
2025-01-27,週一,下午5:10,下午班機,TPE,晚上8:30,晚間抵達,ICN,韓亞航空,1,直達航班。,Non-stop,2 小時 20 分鐘,No,Airbus A330,1,OZ 714,商務艙,17416,15837,16700.0,957448.68,16922.75,26,91
2025-01-27,週一,中午12:25,下午班機,TPE,下午3:50,下午抵達,ICN,大韓航空,2,直達航班。,Non-stop,2 小時 25 分鐘,No,Boeing 787-10,1,KE 186,商務艙,18945,13981,18751.0,3755272.14,18134.0,26,79
2025-01-27,週一,晚上7:25,晚間班機,TPE,晚上10:55,晚間抵達,ICN,大韓航空,2,直達航班。,Non-stop,2 小時 30 分鐘,No,Boeing 787-10,1,KE 188,商務艙,18015,9689,17518.0,1164075.66,16179.5,26,91
2025-01-27,週一,清晨7:05,早晨班機,TPE,上午10:30,上午抵達,ICN,長榮航空,1,直達航班。,Non-stop,2 小時 25 分鐘,No,Airbus A330,1,BR 170,商務艙,24346,10536,24941.0,2980426.56,24945.25,26,91
2025-01-27,週一,清晨7:55,早晨班機,TPE,上午11:20,上午抵達,ICN,中華航空,2,直達航班。,Non-stop,2 小時 25 分鐘,No,Airbus A330,1,CI 160,商務艙,22253,11158,22376.0,1383083.25,22384.75,26,91
2025-01-28,週二,下午1:40,下午班機,TPE,下午5:00,下午抵達,ICN,韓亞航空,1,直達航班。,Non-stop,2 小時 20 分鐘,No,Airbus A380,2,OZ 712,商務艙,19285,15837,19100.0,3276172.36,18433.0,27,91
2025-01-28,週二,下午2:30,下午班機,TSA,下午6:00,晚間抵達,GMP,長榮航空,1,直達航班。,Non-stop,2 小時 30 分鐘,No,Airbus A321,0,BR 156,商務艙,24338,13275,25257.0,2857339.22,23932.75,27,91
2025-01-28,週二,下午3:15,下午班機,TPE,下午6:45,晚間抵達,ICN,長榮航空,1,直達航班。,Non-stop,2 小時 30 分鐘,No,Boeing 787,1,BR 160,商務艙,24349,13153,24941.0,2283702.25,24943.5,27,91
2025-01-28,週二,下午3:45,下午班機,TPE,晚上7:15,晚間抵達,ICN,中華航空,2,直達航班。,Non-stop,2 小時 30 分鐘,No,Airbus A330,1,CI 162,商務艙,22185,10550,21746.0,2824065.24,21737.75,27,91
2025-01-28,週二,下午5:10,下午班機,TPE,晚上8:30,晚間抵達,ICN,韓亞航空,1,直達航班。,Non-stop,2 小時 20 分鐘,No,Airbus A330,1,OZ 714,商務艙,20044,15837,19101.0,3574059.69,20603.5,27,91
2025-01-28,週二,下午5:40,下午班機,TPE,晚上9:05,晚間抵達,ICN,中華航空,2,直達航班。,Non-stop,2 小時 25 分鐘,No,Airbus A321neo,0,CI 2160,商務艙,20865,9684,21743.0,3173765.54,21396.0,27,49
2025-01-28,週二,中午12:25,下午班機,TPE,下午3:50,下午抵達,ICN,大韓航空,2,直達航班。,Non-stop,2 小時 25 分鐘,No,Boeing 787-10,1,KE 186,商務艙,20370,15869,21866.0,2680359.48,21871.0,27,81
2025-01-28,週二,晚上7:25,晚間班機,TPE,晚上10:55,晚間抵達,ICN,大韓航空,2,直達航班。,Non-stop,2 小時 30 分鐘,No,Boeing 777,1,KE 188,商務艙,18847,13981,18752.0,763306.9,18752.5,27,81
2025-01-28,週二,清晨7:05,早晨班機,TPE,上午10:30,上午抵達,ICN,長榮航空,1,直達航班。,Non-stop,2 小時 25 分鐘,No,Airbus A321,0,BR 170,商務艙,28537,11144,28860.0,3890833.92,24429.0,27,91
2025-01-28,週二,清晨7:55,早晨班機,TPE,上午11:20,上午抵達,ICN,中華航空,2,直達航班。,Non-stop,2 小時 25 分鐘,No,Airbus A330,1,CI 160,商務艙,22253,11158,22376.0,1383156.01,22371.5,27,91
2025-01-29,週三,下午1:40,下午班機,TPE,下午5:00,下午抵達,ICN,韓亞航空,1,直達航班。,Non-stop,2 小時 20 分鐘,No,Airbus A380,2,OZ 712,商務艙,21475,19098,22099.0,1477981.25,21346.0,49,88
2025-01-29,週三,下午3:15,下午班機,TPE,下午6:45,晚間抵達,ICN,長榮航空,1,直達航班。,Non-stop,2 小時 30 分鐘,No,Boeing 787,1,BR 160,商務艙,25549,16683,24943.5,3998620.97,25911.0,28,90
2025-01-29,週三,下午3:45,下午班機,TSA,晚上7:15,晚間抵達,GMP,長榮航空,1,直達航班。,Non-stop,2 小時 30 分鐘,No,Airbus A321,0,BR 156,商務艙,27520,18204,29182.0,4902832.03,26236.25,28,91
2025-01-29,週三,下午3:45,下午班機,TPE,晚上7:15,晚間抵達,ICN,中華航空,2,直達航班。,Non-stop,2 小時 30 分鐘,No,Airbus A330,1,CI 162,商務艙,23943,16827,24580.0,2096496.17,24584.5,28,87
2025-01-29,週三,下午5:10,下午班機,TPE,晚上8:30,晚間抵達,ICN,韓亞航空,1,直達航班。,Non-stop,2 小時 20 分鐘,No,Airbus A330,1,OZ 714,商務艙,22019,15837,22100.0,502870.12,22102.25,28,78
2025-01-29,週三,中午12:25,下午班機,TPE,下午3:50,下午抵達,ICN,大韓航空,2,直達航班。,Non-stop,2 小時 25 分鐘,No,Boeing 787-10,1,KE 186,商務艙,21859,21318,21869.0,5345.42,21872.0,28,57
2025-01-29,週三,晚上7:25,晚間班機,TPE,晚上10:55,晚間抵達,ICN,大韓航空,2,直達航班。,Non-stop,2 小時 30 分鐘,No,Boeing 787,1,KE 188,商務艙,19253,18740,18752.0,1315213.06,18752.0,84,61
2025-01-29,週三,清晨7:05,早晨班機,TPE,上午10:30,上午抵達,ICN,長榮航空,1,直達航班。,Non-stop,2 小時 25 分鐘,No,Airbus A330,1,BR 170,商務艙,27580,24916,28857.0,3385806.07,27883.5,84,87
2025-01-29,週三,清晨7:55,早晨班機,TPE,上午11:20,上午抵達,ICN,中華航空,2,直達航班。,Non-stop,2 小時 25 分鐘,No,Airbus A330,1,CI 160,商務艙,24531,22348,22380.0,6104772.42,25611.5,84,88
2025-01-30,週四,下午1:40,下午班機,TPE,下午5:00,下午抵達,ICN,韓亞航空,1,直達航班。,Non-stop,2 小時 20 分鐘,No,Airbus A380,2,OZ 712,商務艙,22086,21064,22100.0,13960.54,21842.5,29,77
2025-01-30,週四,下午3:15,下午班機,TPE,下午6:45,晚間抵達,ICN,長榮航空,1,直達航班。,Non-stop,2 小時 30 分鐘,No,Boeing 787-10,1,BR 160,商務艙,24220,17291,24307.0,849576.52,24310.75,29,89
2025-01-30,週四,下午3:45,下午班機,TPE,晚上7:15,晚間抵達,ICN,中華航空,2,直達航班。,Non-stop,2 小時 30 分鐘,No,Airbus A330,1,CI 162,商務艙,21273,14999,20167.0,10770080.48,22463.25,29,87
2025-01-30,週四,下午5:10,下午班機,TPE,晚上8:30,晚間抵達,ICN,韓亞航空,1,直達航班。,Non-stop,2 小時 20 分鐘,No,Airbus A330,1,OZ 714,商務艙,21222,19098,22098.0,1859060.9,19848.0,55,73
2025-01-30,週四,中午12:25,下午班機,TPE,下午3:50,下午抵達,ICN,大韓航空,2,直達航班。,Non-stop,2 小時 25 分鐘,No,Boeing 787-10,1,KE 186,商務艙,20996,14839,21867.0,2555086.99,19527.25,29,51
2025-01-30,週四,晚上7:25,晚間班機,TPE,晚上10:55,晚間抵達,ICN,大韓航空,2,直達航班。,Non-stop,2 小時 30 分鐘,No,Boeing 787-10,1,KE 188,商務艙,21862,21318,21868.0,3718.54,21726.5,29,82
2025-01-30,週四,清晨7:05,早晨班機,TPE,上午10:30,上午抵達,ICN,長榮航空,1,直達航班。,Non-stop,2 小時 25 分鐘,No,Airbus A330,1,BR 170,商務艙,24347,16074,24307.0,1290565.61,24310.0,29,89
2025-01-30,週四,清晨7:55,早晨班機,TPE,上午11:20,上午抵達,ICN,中華航空,2,直達航班。,Non-stop,2 小時 25 分鐘,No,Airbus A330,1,CI 160,商務艙,25340,17314,23954.0,3358783.07,24737.5,29,77
2025-01-31,週五,下午1:40,下午班機,TPE,下午5:00,下午抵達,ICN,韓亞航空,1,直達航班。,Non-stop,2 小時 20 分鐘,No,Airbus A380,2,OZ 712,商務艙,20562,15267,22098.0,5591582.49,20971.5,30,91
2025-01-31,週五,下午3:15,下午班機,TPE,下午6:45,晚間抵達,ICN,長榮航空,1,直達航班。,Non-stop,2 小時 30 分鐘,No,Boeing 787,1,BR 160,商務艙,21535,13153,21952.0,1928877.95,21301.0,30,91
2025-01-31,週五,下午3:45,下午班機,TPE,晚上7:15,晚間抵達,ICN,中華航空,2,直達航班。,Non-stop,2 小時 30 分鐘,No,Airbus A330,1,CI 162,商務艙,19618,12439,20165.0,2960079.62,19850.5,30,91
2025-01-31,週五,下午5:10,下午班機,TPE,晚上8:30,晚間抵達,ICN,韓亞航空,1,直達航班。,Non-stop,2 小時 20 分鐘,No,Airbus A350,1,OZ 714,商務艙,17407,15267,17589.0,1221358.75,17751.0,30,91
2025-01-31,週五,中午12:25,下午班機,TPE,下午3:50,下午抵達,ICN,大韓航空,2,直達航班。,Non-stop,2 小時 25 分鐘,No,Boeing 787-10,1,KE 186,商務艙,20404,18740,21866.0,2440353.93,20308.75,86,77
2025-01-31,週五,晚上7:25,晚間班機,TPE,晚上10:55,晚間抵達,ICN,大韓航空,2,直達航班。,Non-stop,2 小時 30 分鐘,No,Boeing 787-10,1,KE 188,商務艙,18902,9689,18755.0,5719499.5,17975.25,30,91
2025-01-31,週五,清晨7:05,早晨班機,TPE,上午10:30,上午抵達,ICN,長榮航空,1,直達航班。,Non-stop,2 小時 25 分鐘,No,Airbus A330,1,BR 170,商務艙,24048,13153,24307.0,1909616.87,24308.75,30,91
2025-01-31,週五,清晨7:55,早晨班機,TPE,上午11:20,上午抵達,ICN,中華航空,2,直達航班。,Non-stop,2 小時 25 分鐘,No,Airbus A330,1,CI 160,商務艙,20444,12439,20795.0,3905963.56,20187.0,30,91
2025-02-01,週六,上午9:20,上午班機,TSA,中午12:50,下午抵達,GMP,長榮航空,1,直達航班。,Non-stop,2 小時 30 分鐘,No,Airbus A321,0,BR 156,商務艙,21679,17971,22803.0,1892580.06,22158.0,78,74
2025-02-01,週六,下午1:40,下午班機,TPE,下午5:00,下午抵達,ICN,韓亞航空,1,直達航班。,Non-stop,2 小時 20 分鐘,No,Airbus A380,2,OZ 712,商務艙,20293,15957,19107.0,2830760.17,20599.75,11,91
2025-02-01,週六,下午3:15,下午班機,TPE,下午6:45,晚間抵達,ICN,長榮航空,1,直達航班。,Non-stop,2 小時 30 分鐘,No,Boeing 787-10,1,BR 160,商務艙,19999,17947,20170.0,1163963.72,20760.0,87,82
2025-02-01,週六,下午3:45,下午班機,TPE,晚上7:15,晚間抵達,ICN,中華航空,2,直達航班。,Non-stop,2 小時 30 分鐘,No,Airbus A330,1,CI 162,商務艙,18786,16687,18904.0,3251298.43,17192.5,87,91
2025-02-01,週六,下午5:10,下午班機,TPE,晚上8:30,晚間抵達,ICN,韓亞航空,1,直達航班。,Non-stop,2 小時 20 分鐘,No,Airbus A330,1,OZ 714,商務艙,18422,16698,17601.0,3802544.57,18351.75,57,91
2025-02-01,週六,中午12:25,下午班機,TPE,下午3:50,下午抵達,ICN,大韓航空,2,直達航班。,Non-stop,2 小時 25 分鐘,No,Boeing 787-10,1,KE 186,商務艙,19924,17505,18752.5,2985508.9,20000.75,87,66
2025-02-01,週六,晚上7:25,晚間班機,TPE,晚上10:55,晚間抵達,ICN,大韓航空,2,直達航班。,Non-stop,2 小時 30 分鐘,No,Boeing 777,1,KE 188,商務艙,19582,17515,18759.0,4203760.37,19225.75,57,90
2025-02-01,週六,清晨7:05,早晨班機,TPE,上午10:30,上午抵達,ICN,長榮航空,1,直達航班。,Non-stop,2 小時 25 分鐘,No,Airbus A321,0,BR 170,商務艙,21427,17947,22501.0,2933150.55,21926.0,87,85
2025-02-01,週六,清晨7:55,早晨班機,TPE,上午11:20,上午抵達,ICN,中華航空,2,直達航班。,Non-stop,2 小時 25 分鐘,No,Airbus A330,1,CI 160,商務艙,19668,17236,19534.0,4026490.4,20249.0,87,91
2025-02-02,週日,上午9:20,上午班機,TSA,中午12:45,下午抵達,GMP,中華航空,2,直達航班。,Non-stop,2 小時 25 分鐘,No,Boeing 737,0,CI 260,商務艙,22736,20183,22819.0,1853647.81,22164.75,23,85
2025-02-02,週日,下午1:40,下午班機,TPE,下午5:00,下午抵達,ICN,韓亞航空,1,直達航班。,Non-stop,2 小時 20 分鐘,No,Airbus A380,2,OZ 712,商務艙,19596,17598,19103.0,2298505.99,18729.5,56,91
2025-02-02,週日,下午3:15,下午班機,TPE,下午6:45,晚間抵達,ICN,長榮航空,1,直達航班。,Non-stop,2 小時 30 分鐘,No,Boeing 787,1,BR 160,商務艙,20687,17947,20171.0,4392460.38,18510.75,88,91
2025-02-02,週日,下午3:45,下午班機,TPE,晚上7:15,晚間抵達,ICN,中華航空,2,直達航班。,Non-stop,2 小時 30 分鐘,No,Airbus A330,1,CI 162,商務艙,18609,16687,18905.0,2485191.97,18058.5,88,91
2025-02-02,週日,下午5:10,下午班機,TPE,晚上8:30,晚間抵達,ICN,韓亞航空,1,直達航班。,Non-stop,2 小時 20 分鐘,No,Boeing 777,1,OZ 714,商務艙,19789,14098,19101.0,4747131.54,19098.0,73,71
2025-02-02,週日,中午12:25,下午班機,TPE,下午3:50,下午抵達,ICN,大韓航空,2,直達航班。,Non-stop,2 小時 25 分鐘,No,Boeing 747,2,KE 186,商務艙,21696,18578,21869.0,522260.74,21867.25,1,91
2025-02-02,週日,晚上7:25,晚間班機,TPE,晚上10:55,晚間抵達,ICN,大韓航空,2,直達航班。,Non-stop,2 小時 30 分鐘,No,Boeing 777,1,KE 188,商務艙,18493,16675,17521.0,3577049.29,17926.25,85,90
2025-02-02,週日,清晨7:05,早晨班機,TPE,上午10:30,上午抵達,ICN,長榮航空,1,直達航班。,Non-stop,2 小時 25 分鐘,No,Airbus A330,1,BR 170,商務艙,20678,17947,20171.0,3786277.17,21344.0,88,89
2025-02-02,週日,清晨7:55,早晨班機,TPE,上午11:20,上午抵達,ICN,中華航空,2,直達航班。,Non-stop,2 小時 25 分鐘,No,Airbus A330,1,CI 160,商務艙,19468,17236,19536.0,2976445.58,19939.75,88,91
2025-02-03,週一,上午9:20,上午班機,TSA,中午12:45,下午抵達,GMP,中華航空,2,直達航班。,Non-stop,2 小時 25 分鐘,No,Boeing 737,0,CI 260,商務艙,23021,20176,22817.0,3351819.4,24644.75,11,89
2025-02-03,週一,下午1:40,下午班機,TPE,下午5:00,下午抵達,ICN,韓亞航空,1,直達航班。,Non-stop,2 小時 20 分鐘,No,Airbus A380,2,OZ 712,商務艙,15731,13104,16689.0,2054624.01,14750.0,33,91
2025-02-03,週一,下午3:15,下午班機,TPE,下午6:45,晚間抵達,ICN,長榮航空,1,直達航班。,Non-stop,2 小時 30 分鐘,No,Boeing 787,1,BR 160,商務艙,20344,17947,20171.0,1720215.25,20757.5,89,91
2025-02-03,週一,下午3:45,下午班機,TPE,晚上7:15,晚間抵達,ICN,中華航空,2,直達航班。,Non-stop,2 小時 30 分鐘,No,Airbus A330,1,CI 162,商務艙,18121,16687,17691.0,946666.43,18612.5,89,91
2025-02-03,週一,下午5:10,下午班機,TPE,晚上8:30,晚間抵達,ICN,韓亞航空,1,直達航班。,Non-stop,2 小時 20 分鐘,No,Airbus A330,1,OZ 714,商務艙,15445,13103,15146.0,2956073.33,14374.0,25,91
2025-02-03,週一,中午12:25,下午班機,TPE,下午3:50,下午抵達,ICN,大韓航空,2,直達航班。,Non-stop,2 小時 25 分鐘,No,Boeing 787-10,1,KE 186,商務艙,18283,16529,18750.5,2966287.05,18238.5,1,84
2025-02-03,週一,晚上7:25,晚間班機,TPE,晚上10:55,晚間抵達,ICN,大韓航空,2,直達航班。,Non-stop,2 小時 30 分鐘,No,Airbus A330,1,KE 188,商務艙,17964,16670,17515.5,2938045.72,16676.5,89,72
2025-02-03,週一,清晨7:05,早晨班機,TPE,上午10:30,上午抵達,ICN,長榮航空,1,直達航班。,Non-stop,2 小時 25 分鐘,No,Airbus A330,1,BR 170,商務艙,20522,17947,20171.0,3599238.82,20172.75,89,87
2025-02-03,週一,清晨7:55,早晨班機,TPE,上午11:20,上午抵達,ICN,中華航空,2,直達航班。,Non-stop,2 小時 25 分鐘,No,Airbus A330,1,CI 160,商務艙,18683,17236,18276.0,807490.92,18405.5,89,91
2025-02-04,週二,下午1:40,下午班機,TPE,下午5:00,下午抵達,ICN,韓亞航空,1,直達航班。,Non-stop,2 小時 20 分鐘,No,Airbus A380,2,OZ 712,商務艙,14741,13103,14100.0,2880984.41,15401.75,26,91
2025-02-04,週二,下午3:15,下午班機,TPE,下午6:45,晚間抵達,ICN,長榮航空,1,直達航班。,Non-stop,2 小時 30 分鐘,No,Boeing 787-10,1,BR 160,商務艙,19908,17947,20172.0,527444.84,19625.75,90,91
2025-02-04,週二,下午3:45,下午班機,TPE,晚上7:15,晚間抵達,ICN,中華航空,2,直達航班。,Non-stop,2 小時 30 分鐘,No,Airbus A330,1,CI 162,商務艙,18108,16687,17694.0,737025.12,18525.25,90,91
2025-02-04,週二,下午5:10,下午班機,TPE,晚上8:30,晚間抵達,ICN,韓亞航空,1,直達航班。,Non-stop,2 小時 20 分鐘,No,Airbus A330,1,OZ 714,商務艙,14758,13103,14100.0,3150864.26,16500.75,26,91
2025-02-04,週二,中午12:25,下午班機,TPE,下午3:50,下午抵達,ICN,大韓航空,2,直達航班。,Non-stop,2 小時 25 分鐘,No,Boeing 787-10,1,KE 186,商務艙,16870,16529,16684.0,710393.74,16688.75,3,91
2025-02-04,週二,晚上7:25,晚間班機,TPE,晚上10:55,晚間抵達,ICN,大韓航空,2,直達航班。,Non-stop,2 小時 30 分鐘,No,Boeing 777,1,KE 188,商務艙,16895,16529,16683.0,946651.18,16643.75,3,91
2025-02-04,週二,清晨7:55,早晨班機,TPE,上午11:20,上午抵達,ICN,中華航空,2,直達航班。,Non-stop,2 小時 25 分鐘,No,Airbus A330,1,CI 160,商務艙,18708,17236,18279.0,792045.61,18339.0,90,91
2025-02-05,週三,下午3:45,下午班機,TSA,晚上7:15,晚間抵達,GMP,長榮航空,1,直達航班。,Non-stop,2 小時 30 分鐘,No,Airbus A321,0,BR 156,商務艙,19932,17947,20174.0,485107.87,20176.5,91,91
2025-02-06,週四,上午9:20,上午班機,TSA,中午12:45,下午抵達,GMP,中華航空,2,直達航班。,Non-stop,2 小時 25 分鐘,No,Boeing 737,0,CI 260,商務艙,19376,17786,20164.0,816803.64,19520.75,91,91
2025-02-06,週四,下午1:40,下午班機,TPE,下午5:00,下午抵達,ICN,韓亞航空,1,直達航班。,Non-stop,2 小時 20 分鐘,No,Airbus A380,2,OZ 712,商務艙,14504,13103,14099.0,2038056.86,15150.5,28,91
2025-02-06,週四,下午3:15,下午班機,TPE,下午6:45,晚間抵達,ICN,長榮航空,1,直達航班。,Non-stop,2 小時 30 分鐘,No,Boeing 787-10,1,BR 160,商務艙,19957,17948,20174.0,441404.07,20177.25,91,91
2025-02-06,週四,下午3:45,下午班機,TPE,晚上7:15,晚間抵達,ICN,中華航空,2,直達航班。,Non-stop,2 小時 30 分鐘,No,Airbus A330,1,CI 162,商務艙,18170,16688,18903.0,708236.13,18214.5,91,91
2025-02-06,週四,下午5:10,下午班機,TPE,晚上8:30,晚間抵達,ICN,韓亞航空,1,直達航班。,Non-stop,2 小時 20 分鐘,No,Boeing 777,1,OZ 714,商務艙,14504,13103,14099.0,2038056.86,13851.25,28,91
2025-02-06,週四,中午12:25,下午班機,TPE,下午3:50,下午抵達,ICN,大韓航空,2,直達航班。,Non-stop,2 小時 25 分鐘,No,Boeing 787-10,1,KE 186,商務艙,17523,16670,17519.0,594609.65,17102.75,91,91
2025-02-06,週四,晚上7:25,晚間班機,TPE,晚上10:55,晚間抵達,ICN,大韓航空,2,直達航班。,Non-stop,2 小時 30 分鐘,No,Boeing 787,1,KE 188,商務艙,17183,16670,17516.0,251155.38,17312.0,91,91
2025-02-06,週四,清晨7:05,早晨班機,TPE,上午10:30,上午抵達,ICN,長榮航空,1,直達航班。,Non-stop,2 小時 25 分鐘,No,Airbus A330,1,BR 170,商務艙,20036,17948,20174.0,604553.08,20170.25,91,91
2025-02-06,週四,清晨7:55,早晨班機,TPE,上午11:20,上午抵達,ICN,中華航空,2,直達航班。,Non-stop,2 小時 25 分鐘,No,Airbus A330,1,CI 160,商務艙,18773,17237,19533.0,761140.77,18658.5,91,91
2025-02-08,週六,中午12:25,下午班機,TPE,下午3:50,下午抵達,ICN,大韓航空,2,直達航班。,Non-stop,2 小時 25 分鐘,No,Boeing 787-10,1,KE 186,商務艙,18673,16675,18751.0,3347253.33,19014.25,91,87
2025-02-09,週日,上午9:20,上午班機,TSA,中午12:45,下午抵達,GMP,中華航空,2,直達航班。,Non-stop,2 小時 25 分鐘,No,Boeing 737,0,CI 260,商務艙,19821,17798,20167.0,2737542.58,19840.25,91,83
2025-02-09,週日,下午1:40,下午班機,TPE,下午5:00,下午抵達,ICN,韓亞航空,1,直達航班。,Non-stop,2 小時 20 分鐘,No,Airbus A380,2,OZ 712,商務艙,16507,13103,16700.5,4941017.68,16603.25,31,88
2025-02-09,週日,下午3:15,下午班機,TPE,下午6:45,晚間抵達,ICN,長榮航空,1,直達航班。,Non-stop,2 小時 30 分鐘,No,Boeing 787,1,BR 160,商務艙,21122,17960,20174.0,6001111.08,20172.0,91,84
2025-02-09,週日,下午3:45,下午班機,TPE,晚上7:15,晚間抵達,ICN,中華航空,2,直達航班。,Non-stop,2 小時 30 分鐘,No,Airbus A330,1,CI 162,商務艙,18235,16700,18903.5,649280.81,17964.75,91,90
2025-02-09,週日,下午5:10,下午班機,TPE,晚上8:30,晚間抵達,ICN,韓亞航空,1,直達航班。,Non-stop,2 小時 20 分鐘,No,Airbus A330,1,OZ 714,商務艙,15618,13104,15147.0,2432832.29,16703.75,39,86
2025-02-09,週日,中午12:25,下午班機,TPE,下午3:50,下午抵達,ICN,大韓航空,2,直達航班。,Non-stop,2 小時 25 分鐘,No,Boeing 787-10,1,KE 186,商務艙,19714,16675,20208.0,4962140.98,21092.0,91,86
2025-02-09,週日,晚上7:25,晚間班機,TPE,晚上10:55,晚間抵達,ICN,大韓航空,2,直達航班。,Non-stop,2 小時 30 分鐘,No,Airbus A330,1,KE 188,商務艙,19027,17510,18754.0,2816470.74,20006.75,91,83
2025-02-09,週日,清晨7:05,早晨班機,TPE,上午10:30,上午抵達,ICN,長榮航空,1,直達航班。,Non-stop,2 小時 25 分鐘,No,Airbus A330,1,BR 170,商務艙,20055,17960,20175.0,375739.45,20172.5,91,90
2025-02-09,週日,清晨7:55,早晨班機,TPE,上午11:20,上午抵達,ICN,中華航空,2,直達航班。,Non-stop,2 小時 25 分鐘,No,Airbus A330,1,CI 160,商務艙,18833,17249,19533.5,694635.77,17989.0,91,90
2025-02-10,週一,上午9:20,上午班機,TSA,中午12:45,下午抵達,GMP,中華航空,2,直達航班。,Non-stop,2 小時 25 分鐘,No,Boeing 737,0,CI 260,商務艙,19719,17798,20165.0,2450678.75,18832.0,91,86
2025-02-10,週一,下午1:40,下午班機,TPE,下午5:00,下午抵達,ICN,韓亞航空,1,直達航班。,Non-stop,2 小時 20 分鐘,No,Airbus A380,2,OZ 712,商務艙,14444,13103,14099.0,1935872.19,13865.0,32,86
2025-02-10,週一,下午3:15,下午班機,TPE,下午6:45,晚間抵達,ICN,長榮航空,1,直達航班。,Non-stop,2 小時 30 分鐘,No,Boeing 787-10,1,BR 160,商務艙,20049,17960,20176.5,270879.93,20174.5,91,86
2025-02-10,週一,下午3:45,下午班機,TPE,晚上7:15,晚間抵達,ICN,中華航空,2,直達航班。,Non-stop,2 小時 30 分鐘,No,Airbus A330,1,CI 162,商務艙,18156,16700,18750.0,540872.04,18176.25,91,86
2025-02-10,週一,下午5:10,下午班機,TPE,晚上8:30,晚間抵達,ICN,韓亞航空,1,直達航班。,Non-stop,2 小時 20 分鐘,No,Airbus A330,1,OZ 714,商務艙,18059,14098,16703.0,10389801.27,16753.5,81,83
2025-02-10,週一,中午12:25,下午班機,TPE,下午3:50,下午抵達,ICN,大韓航空,2,直達航班。,Non-stop,2 小時 25 分鐘,No,Boeing 747,2,KE 186,商務艙,17954,16675,17519.0,1317332.68,16890.5,91,85
2025-02-10,週一,晚上7:25,晚間班機,TPE,晚上10:55,晚間抵達,ICN,大韓航空,2,直達航班。,Non-stop,2 小時 30 分鐘,No,Airbus A330,1,KE 188,商務艙,18471,16675,18755.0,3451168.64,17720.0,91,84
2025-02-10,週一,清晨7:05,早晨班機,TPE,上午10:30,上午抵達,ICN,長榮航空,1,直達航班。,Non-stop,2 小時 25 分鐘,No,Airbus A330,1,BR 170,商務艙,20049,17960,20176.5,270879.93,20172.5,91,86
2025-02-10,週一,清晨7:55,早晨班機,TPE,上午11:20,上午抵達,ICN,中華航空,2,直達航班。,Non-stop,2 小時 25 分鐘,No,Airbus A330,1,CI 160,商務艙,18391,17249,18579.5,214944.76,18512.75,91,86
2025-02-11,週二,下午1:40,下午班機,TPE,下午5:00,下午抵達,ICN,韓亞航空,1,直達航班。,Non-stop,2 小時 20 分鐘,No,Airbus A380,2,OZ 712,商務艙,14432,13103,14099.0,1874119.4,13603.0,33,89
2025-02-11,週二,下午2:30,下午班機,TSA,下午6:00,晚間抵達,GMP,長榮航空,1,直達航班。,Non-stop,2 小時 30 分鐘,No,Airbus A321,0,BR 156,商務艙,21763,17967,22824.0,2247005.36,20830.75,91,83
2025-02-11,週二,下午3:15,下午班機,TPE,下午6:45,晚間抵達,ICN,長榮航空,1,直達航班。,Non-stop,2 小時 30 分鐘,No,Boeing 787,1,BR 160,商務艙,20080,17967,20176.0,209864.14,19619.75,91,90
2025-02-11,週二,下午3:45,下午班機,TPE,晚上7:15,晚間抵達,ICN,中華航空,2,直達航班。,Non-stop,2 小時 30 分鐘,No,Airbus A330,1,CI 162,商務艙,18179,16707,18665.5,480943.96,17973.25,91,90
2025-02-11,週二,下午5:10,下午班機,TPE,晚上8:30,晚間抵達,ICN,韓亞航空,1,直達航班。,Non-stop,2 小時 20 分鐘,No,Airbus A330,1,OZ 714,商務艙,14517,13103,14099.0,2506920.31,16051.25,33,90
2025-02-11,週二,中午12:25,下午班機,TPE,下午3:50,下午抵達,ICN,大韓航空,2,直達航班。,Non-stop,2 小時 25 分鐘,No,Boeing 787-10,1,KE 186,商務艙,17947,16679,17519.0,1108636.68,18402.75,91,79
2025-02-11,週二,晚上7:25,晚間班機,TPE,晚上10:55,晚間抵達,ICN,大韓航空,2,直達航班。,Non-stop,2 小時 30 分鐘,No,Airbus A330,1,KE 188,商務艙,17868,16679,17520.0,1166829.17,17829.25,91,89
2025-02-11,週二,清晨7:05,早晨班機,TPE,上午10:30,上午抵達,ICN,長榮航空,1,直達航班。,Non-stop,2 小時 25 分鐘,No,Airbus A321,0,BR 170,商務艙,20618,17967,20176.0,1975494.17,20753.75,91,90
2025-02-11,週二,清晨7:55,早晨班機,TPE,上午11:20,上午抵達,ICN,中華航空,2,直達航班。,Non-stop,2 小時 25 分鐘,No,Airbus A330,1,CI 160,商務艙,18422,17256,18665.5,195925.35,18260.75,91,90
2025-02-12,週三,下午1:40,下午班機,TPE,下午5:00,下午抵達,ICN,韓亞航空,1,直達航班。,Non-stop,2 小時 20 分鐘,No,Airbus A380,2,OZ 712,商務艙,14585,13103,14100.0,2314428.71,15401.75,34,91
2025-02-12,週三,下午3:15,下午班機,TPE,下午6:45,晚間抵達,ICN,長榮航空,1,直達航班。,Non-stop,2 小時 30 分鐘,No,Boeing 787-10,1,BR 160,商務艙,20106,17967,20176.0,157706.25,20200.0,91,91
2025-02-12,週三,下午3:45,下午班機,TSA,晚上7:15,晚間抵達,GMP,長榮航空,1,直達航班。,Non-stop,2 小時 30 分鐘,No,Airbus A321,0,BR 156,商務艙,20106,17967,20176.0,159438.03,20170.25,91,90
2025-02-12,週三,下午3:45,下午班機,TPE,晚上7:15,晚間抵達,ICN,中華航空,2,直達航班。,Non-stop,2 小時 30 分鐘,No,Airbus A330,1,CI 162,商務艙,18195,16707,18660.0,456561.58,18711.0,91,91
2025-02-12,週三,下午5:10,下午班機,TPE,晚上8:30,晚間抵達,ICN,韓亞航空,1,直達航班。,Non-stop,2 小時 20 分鐘,No,Airbus A330,1,OZ 714,商務艙,14796,13103,14100.0,2427799.31,15413.75,34,91
2025-02-12,週三,中午12:25,下午班機,TPE,下午3:50,下午抵達,ICN,大韓航空,2,直達航班。,Non-stop,2 小時 25 分鐘,No,Boeing 787-10,1,KE 186,商務艙,17403,16679,17519.0,369746.86,17310.5,91,91
2025-02-12,週三,晚上7:25,晚間班機,TPE,晚上10:55,晚間抵達,ICN,大韓航空,2,直達航班。,Non-stop,2 小時 30 分鐘,No,Airbus A330,1,KE 188,商務艙,17423,16679,17520.0,640877.05,17200.5,91,91
2025-02-12,週三,清晨7:05,早晨班機,TPE,上午10:30,上午抵達,ICN,長榮航空,1,直達航班。,Non-stop,2 小時 25 分鐘,No,Airbus A330,1,BR 170,商務艙,20106,17967,20176.0,157706.25,20176.5,91,91
2025-02-12,週三,清晨7:55,早晨班機,TPE,上午11:20,上午抵達,ICN,中華航空,2,直達航班。,Non-stop,2 小時 25 分鐘,No,Airbus A330,1,CI 160,商務艙,18436,17256,18660.0,179346.12,18609.75,91,91
2025-02-13,週四,上午9:20,上午班機,TSA,中午12:45,下午抵達,GMP,中華航空,2,直達航班。,Non-stop,2 小時 25 分鐘,No,Boeing 737,0,CI 260,商務艙,19865,17808,20166.5,2696998.0,19416.0,91,90
2025-02-13,週四,下午1:40,下午班機,TPE,下午5:00,下午抵達,ICN,韓亞航空,1,直達航班。,Non-stop,2 小時 20 分鐘,No,Airbus A380,2,OZ 712,商務艙,14437,13103,14099.0,1841554.38,14500.75,35,91
2025-02-13,週四,下午3:15,下午班機,TPE,下午6:45,晚間抵達,ICN,長榮航空,1,直達航班。,Non-stop,2 小時 30 分鐘,No,Boeing 787-10,1,BR 160,商務艙,20131,17970,20176.0,106490.36,20178.5,91,91
2025-02-13,週四,下午3:45,下午班機,TPE,晚上7:15,晚間抵達,ICN,中華航空,2,直達航班。,Non-stop,2 小時 30 分鐘,No,Airbus A330,1,CI 162,商務艙,18216,16710,18660.0,433890.26,18486.75,91,91
2025-02-13,週四,下午5:10,下午班機,TPE,晚上8:30,晚間抵達,ICN,韓亞航空,1,直達航班。,Non-stop,2 小時 20 分鐘,No,Airbus A330,1,OZ 714,商務艙,14460,13103,14099.0,1826838.48,14374.75,35,91
2025-02-13,週四,中午12:25,下午班機,TPE,下午3:50,下午抵達,ICN,大韓航空,2,直達航班。,Non-stop,2 小時 25 分鐘,No,Boeing 787-10,1,KE 186,商務艙,17263,16680,16686.0,716754.5,17202.0,91,91
2025-02-13,週四,晚上7:25,晚間班機,TPE,晚上10:55,晚間抵達,ICN,大韓航空,2,直達航班。,Non-stop,2 小時 30 分鐘,No,Boeing 787,1,KE 188,商務艙,18928,16680,18754.0,3201488.64,17929.25,91,81
2025-02-13,週四,清晨7:05,早晨班機,TPE,上午10:30,上午抵達,ICN,長榮航空,1,直達航班。,Non-stop,2 小時 25 分鐘,No,Airbus A330,1,BR 170,商務艙,20135,17970,20176.0,108769.81,20184.25,91,91
2025-02-13,週四,清晨7:55,早晨班機,TPE,上午11:20,上午抵達,ICN,中華航空,2,直達航班。,Non-stop,2 小時 25 分鐘,No,Airbus A330,1,CI 160,商務艙,18451,17259,18660.0,164201.25,18048.25,91,91
2025-02-14,週五,上午9:20,上午班機,TSA,中午12:50,下午抵達,GMP,長榮航空,1,直達航班。,Non-stop,2 小時 30 分鐘,No,Airbus A321,0,BR 156,商務艙,20157,17971,20177.0,54132.21,20179.25,91,91
2025-02-14,週五,下午1:40,下午班機,TPE,下午5:00,下午抵達,ICN,韓亞航空,1,直達航班。,Non-stop,2 小時 20 分鐘,No,Airbus A380,2,OZ 712,商務艙,14421,13103,14099.0,1791436.56,15025.75,36,91
2025-02-14,週五,下午3:15,下午班機,TPE,下午6:45,晚間抵達,ICN,長榮航空,1,直達航班。,Non-stop,2 小時 30 分鐘,No,Boeing 787,1,BR 160,商務艙,20161,17971,20177.0,57109.3,20177.5,91,91
2025-02-14,週五,下午3:45,下午班機,TPE,晚上7:15,晚間抵達,ICN,中華航空,2,直達航班。,Non-stop,2 小時 30 分鐘,No,Airbus A330,1,CI 162,商務艙,18238,16711,18660.0,410390.41,18218.25,91,91
2025-02-14,週五,下午5:10,下午班機,TPE,晚上8:30,晚間抵達,ICN,韓亞航空,1,直達航班。,Non-stop,2 小時 20 分鐘,No,Airbus A330,1,OZ 714,商務艙,14645,13103,14100.0,1606055.11,14502.0,36,91
2025-02-14,週五,中午12:25,下午班機,TPE,下午3:50,下午抵達,ICN,大韓航空,2,直達航班。,Non-stop,2 小時 25 分鐘,No,Airbus A380,2,KE 186,商務艙,18528,16528,18752.0,2958441.05,17599.5,7,88
2025-02-14,週五,晚上7:25,晚間班機,TPE,晚上10:55,晚間抵達,ICN,大韓航空,2,直達航班。,Non-stop,2 小時 30 分鐘,No,Boeing 777,1,KE 188,商務艙,18598,16680,18752.5,2651924.65,19482.25,85,90
2025-02-14,週五,清晨7:05,早晨班機,TPE,上午10:30,上午抵達,ICN,長榮航空,1,直達航班。,Non-stop,2 小時 25 分鐘,No,Airbus A330,1,BR 170,商務艙,20157,17971,20177.0,54131.57,20192.0,91,91
2025-02-14,週五,清晨7:55,早晨班機,TPE,上午11:20,上午抵達,ICN,中華航空,2,直達航班。,Non-stop,2 小時 25 分鐘,No,Airbus A330,1,CI 160,商務艙,18466,17260,18660.0,148656.3,18684.75,91,91
2025-02-15,週六,上午9:20,上午班機,TSA,中午12:50,下午抵達,GMP,長榮航空,1,直達航班。,Non-stop,2 小時 30 分鐘,No,Airbus A321,0,BR 156,商務艙,20182,20164,20177.0,541.68,20173.75,86,91
2025-02-15,週六,下午1:40,下午班機,TPE,下午5:00,下午抵達,ICN,韓亞航空,1,直達航班。,Non-stop,2 小時 20 分鐘,No,Airbus A380,2,OZ 712,商務艙,15268,13104,15146.0,1481286.15,14502.0,45,91
2025-02-15,週六,下午3:15,下午班機,TPE,下午6:45,晚間抵達,ICN,長榮航空,1,直達航班。,Non-stop,2 小時 30 分鐘,No,Boeing 787-10,1,BR 160,商務艙,20182,20164,20177.0,541.6,20215.75,86,91
2025-02-15,週六,下午3:45,下午班機,TPE,晚上7:15,晚間抵達,ICN,中華航空,2,直達航班。,Non-stop,2 小時 30 分鐘,No,Airbus A330,1,CI 162,商務艙,18259,16716,18660.0,386006.26,18048.0,91,91
2025-02-15,週六,下午5:10,下午班機,TPE,晚上8:30,晚間抵達,ICN,韓亞航空,1,直達航班。,Non-stop,2 小時 20 分鐘,No,Airbus A330,1,OZ 714,商務艙,16681,13103,16701.0,9841912.56,20754.75,37,86
2025-02-15,週六,中午12:25,下午班機,TPE,下午3:50,下午抵達,ICN,大韓航空,2,直達航班。,Non-stop,2 小時 25 分鐘,No,Boeing 787-10,1,KE 186,商務艙,18266,17515,18752.0,596035.96,18444.25,86,62
2025-02-15,週六,晚上7:25,晚間班機,TPE,晚上10:55,晚間抵達,ICN,大韓航空,2,直達航班。,Non-stop,2 小時 30 分鐘,No,Boeing 777,1,KE 188,商務艙,18346,16611,17515.0,3320123.25,16869.75,1,65
2025-02-15,週六,清晨7:05,早晨班機,TPE,上午10:30,上午抵達,ICN,長榮航空,1,直達航班。,Non-stop,2 小時 25 分鐘,No,Airbus A321,0,BR 170,商務艙,20233,20164,20177.0,123311.29,20171.5,86,91
2025-02-15,週六,清晨7:55,早晨班機,TPE,上午11:20,上午抵達,ICN,中華航空,2,直達航班。,Non-stop,2 小時 25 分鐘,No,Airbus A330,1,CI 160,商務艙,18482,17265,18660.0,132663.82,18143.75,91,91
2025-02-16,週日,上午9:20,上午班機,TSA,中午12:45,下午抵達,GMP,中華航空,2,直達航班。,Non-stop,2 小時 25 分鐘,No,Boeing 737,0,CI 260,商務艙,19591,17814,20167.0,574162.11,19328.5,91,79
2025-02-16,週日,下午1:40,下午班機,TPE,下午5:00,下午抵達,ICN,韓亞航空,1,直達航班。,Non-stop,2 小時 20 分鐘,No,Airbus A380,2,OZ 712,商務艙,18577,14098,17606.0,6975454.24,15627.75,87,88
2025-02-16,週日,下午3:15,下午班機,TPE,下午6:45,晚間抵達,ICN,長榮航空,1,直達航班。,Non-stop,2 小時 30 分鐘,No,Boeing 787,1,BR 160,商務艙,20209,20164,20178.0,60706.64,20201.5,87,89
2025-02-16,週日,下午3:45,下午班機,TPE,晚上7:15,晚間抵達,ICN,中華航空,2,直達航班。,Non-stop,2 小時 30 分鐘,No,Airbus A330,1,CI 162,商務艙,18289,16716,18750.0,370567.15,18107.5,91,89
2025-02-16,週日,下午5:10,下午班機,TPE,晚上8:30,晚間抵達,ICN,韓亞航空,1,直達航班。,Non-stop,2 小時 20 分鐘,No,Airbus A330,1,OZ 714,商務艙,19108,14098,19104.0,8105204.37,16100.25,87,84
2025-02-16,週日,中午12:25,下午班機,TPE,下午3:50,下午抵達,ICN,大韓航空,2,直達航班。,Non-stop,2 小時 25 分鐘,No,Boeing 787-10,1,KE 186,商務艙,18405,16681,18581.0,1298530.8,18404.5,89,89
2025-02-16,週日,清晨7:05,早晨班機,TPE,上午10:30,上午抵達,ICN,長榮航空,1,直達航班。,Non-stop,2 小時 25 分鐘,No,Airbus A330,1,BR 170,商務艙,20209,20164,20178.0,60706.64,20198.5,87,89
2025-02-16,週日,清晨7:55,早晨班機,TPE,上午11:20,上午抵達,ICN,中華航空,2,直達航班。,Non-stop,2 小時 25 分鐘,No,Airbus A330,1,CI 160,商務艙,18523,17265,18660.0,151701.81,18709.75,91,89
2025-02-17,週一,上午9:20,上午班機,TSA,中午12:45,下午抵達,GMP,中華航空,2,直達航班。,Non-stop,2 小時 25 分鐘,No,Boeing 737,0,CI 260,商務艙,21035,17814,20171.0,3802934.15,20203.75,91,85
2025-02-17,週一,下午1:40,下午班機,TPE,下午5:00,下午抵達,ICN,韓亞航空,1,直達航班。,Non-stop,2 小時 20 分鐘,No,Airbus A380,2,OZ 712,商務艙,17959,14098,19103.0,8652736.91,18228.25,88,89
2025-02-17,週一,下午3:15,下午班機,TPE,下午6:45,晚間抵達,ICN,長榮航空,1,直達航班。,Non-stop,2 小時 30 分鐘,No,Boeing 787,1,BR 160,商務艙,20210,20164,20178.0,65239.71,20172.25,88,90
2025-02-17,週一,下午3:45,下午班機,TPE,晚上7:15,晚間抵達,ICN,中華航空,2,直達航班。,Non-stop,2 小時 30 分鐘,No,Airbus A330,1,CI 162,商務艙,18314,16716,18750.0,354245.35,18219.0,91,90
2025-02-17,週一,下午5:10,下午班機,TPE,晚上8:30,晚間抵達,ICN,韓亞航空,1,直達航班。,Non-stop,2 小時 20 分鐘,No,Airbus A330,1,OZ 714,商務艙,15717,14098,15226.0,1910219.45,14976.25,88,90
2025-02-17,週一,中午12:25,下午班機,TPE,下午3:50,下午抵達,ICN,大韓航空,2,直達航班。,Non-stop,2 小時 25 分鐘,No,Boeing 747,2,KE 186,商務艙,17920,16609,17519.5,1069839.33,17930.25,2,90
2025-02-17,週一,晚上7:25,晚間班機,TPE,晚上10:55,晚間抵達,ICN,大韓航空,2,直達航班。,Non-stop,2 小時 30 分鐘,No,Boeing 777,1,KE 188,商務艙,18073,16680,17520.0,1604133.22,17695.5,88,85
2025-02-17,週一,清晨7:05,早晨班機,TPE,上午10:30,上午抵達,ICN,長榮航空,1,直達航班。,Non-stop,2 小時 25 分鐘,No,Airbus A330,1,BR 170,商務艙,20184,20164,20178.0,677.37,20199.5,88,90
2025-02-17,週一,清晨7:55,早晨班機,TPE,上午11:20,上午抵達,ICN,中華航空,2,直達航班。,Non-stop,2 小時 25 分鐘,No,Airbus A330,1,CI 160,商務艙,18518,17265,18660.0,111087.53,18588.5,91,90
2025-02-18,週二,下午1:40,下午班機,TPE,下午5:00,下午抵達,ICN,韓亞航空,1,直達航班。,Non-stop,2 小時 20 分鐘,No,Airbus A380,2,OZ 712,商務艙,15234,13103,15144.0,3440941.94,14126.75,40,90
2025-02-18,週二,下午2:30,下午班機,TSA,下午6:00,晚間抵達,GMP,長榮航空,1,直達航班。,Non-stop,2 小時 30 分鐘,No,Airbus A321,0,BR 156,商務艙,21768,20164,22826.0,2148786.88,21501.0,89,85
2025-02-18,週二,下午3:15,下午班機,TPE,下午6:45,晚間抵達,ICN,長榮航空,1,直達航班。,Non-stop,2 小時 30 分鐘,No,Boeing 787,1,BR 160,商務艙,20697,20164,20178.0,2664568.86,21882.0,89,90
2025-02-18,週二,下午3:45,下午班機,TPE,晚上7:15,晚間抵達,ICN,中華航空,2,直達航班。,Non-stop,2 小時 30 分鐘,No,Airbus A330,1,CI 162,商務艙,18332,17337,18705.0,308311.77,18167.75,24,90
2025-02-18,週二,下午5:10,下午班機,TPE,晚上8:30,晚間抵達,ICN,韓亞航空,1,直達航班。,Non-stop,2 小時 20 分鐘,No,Airbus A330,1,OZ 714,商務艙,16765,13106,16700.0,817333.81,17301.75,39,53
2025-02-18,週二,下午5:45,下午班機,TPE,晚上9:05,晚間抵達,ICN,韓亞航空,1,直達航班。,Non-stop,2 小時 20 分鐘,No,Airbus A330,1,OZ 714,商務艙,14773,13107,15145.0,1540081.77,14637.5,38,37
2025-02-18,週二,中午12:25,下午班機,TPE,下午3:50,下午抵達,ICN,大韓航空,2,直達航班。,Non-stop,2 小時 25 分鐘,No,Boeing 787-10,1,KE 186,商務艙,17470,16680,17521.0,702859.49,17595.25,89,90
2025-02-18,週二,晚上7:25,晚間班機,TPE,晚上10:55,晚間抵達,ICN,大韓航空,2,直達航班。,Non-stop,2 小時 30 分鐘,No,Boeing 777,1,KE 188,商務艙,17473,16609,17517.0,438009.96,17270.0,3,87
2025-02-18,週二,清晨7:05,早晨班機,TPE,上午10:30,上午抵達,ICN,長榮航空,1,直達航班。,Non-stop,2 小時 25 分鐘,No,Airbus A321,0,BR 170,商務艙,21057,20164,20183.5,2334621.56,20786.0,73,90
2025-02-18,週二,清晨7:55,早晨班機,TPE,上午11:20,上午抵達,ICN,中華航空,2,直達航班。,Non-stop,2 小時 25 分鐘,No,Airbus A330,1,CI 160,商務艙,18539,17909,18705.0,93078.64,18510.25,24,90
2025-02-19,週三,下午1:40,下午班機,TPE,下午5:00,下午抵達,ICN,韓亞航空,1,直達航班。,Non-stop,2 小時 20 分鐘,No,Airbus A380,2,OZ 712,商務艙,14340,13103,14099.0,1532246.32,14113.0,41,91
2025-02-19,週三,下午3:15,下午班機,TPE,下午6:45,晚間抵達,ICN,長榮航空,1,直達航班。,Non-stop,2 小時 30 分鐘,No,Boeing 787,1,BR 160,商務艙,20260,20164,20178.0,511557.92,20170.75,90,91
2025-02-19,週三,下午3:45,下午班機,TSA,晚上7:15,晚間抵達,GMP,長榮航空,1,直達航班。,Non-stop,2 小時 30 分鐘,No,Airbus A321,0,BR 156,商務艙,20775,20164,20179.0,1665542.53,20854.5,90,89
2025-02-19,週三,下午3:45,下午班機,TPE,晚上7:15,晚間抵達,ICN,中華航空,2,直達航班。,Non-stop,2 小時 30 分鐘,No,Airbus A330,1,CI 162,商務艙,18322,17337,18660.0,306976.04,18712.5,25,91
2025-02-19,週三,下午5:10,下午班機,TPE,晚上8:30,晚間抵達,ICN,韓亞航空,1,直達航班。,Non-stop,2 小時 20 分鐘,No,Airbus A330,1,OZ 714,商務艙,14512,13103,14100.0,1869799.33,14905.0,41,91
2025-02-19,週三,中午12:25,下午班機,TPE,下午3:50,下午抵達,ICN,大韓航空,2,直達航班。,Non-stop,2 小時 25 分鐘,No,Airbus A380,2,KE 186,商務艙,17261,16528,16683.0,926775.0,17200.25,12,91
2025-02-19,週三,晚上7:25,晚間班機,TPE,晚上10:55,晚間抵達,ICN,大韓航空,2,直達航班。,Non-stop,2 小時 30 分鐘,No,Airbus A330,1,KE 188,商務艙,18123,16680,18581.0,789275.25,17927.5,90,91
2025-02-19,週三,清晨7:05,早晨班機,TPE,上午10:30,上午抵達,ICN,長榮航空,1,直達航班。,Non-stop,2 小時 25 分鐘,No,Airbus A330,1,BR 170,商務艙,20186,20164,20178.0,791.0,20172.25,90,91
2025-02-19,週三,清晨7:55,早晨班機,TPE,上午11:20,上午抵達,ICN,中華航空,2,直達航班。,Non-stop,2 小時 25 分鐘,No,Airbus A330,1,CI 160,商務艙,18527,17909,18660.0,81846.53,18629.5,25,91
2025-02-20,週四,上午9:20,上午班機,TSA,中午12:45,下午抵達,GMP,中華航空,2,直達航班。,Non-stop,2 小時 25 分鐘,No,Boeing 737,0,CI 260,商務艙,19704,18481,20170.0,485048.6,20184.75,26,89
2025-02-20,週四,下午1:40,下午班機,TPE,下午5:00,下午抵達,ICN,韓亞航空,1,直達航班。,Non-stop,2 小時 20 分鐘,No,Airbus A380,2,OZ 712,商務艙,14353,13103,14099.0,1540148.24,14253.0,42,91
2025-02-20,週四,下午3:15,下午班機,TPE,下午6:45,晚間抵達,ICN,長榮航空,1,直達航班。,Non-stop,2 小時 30 分鐘,No,Boeing 787-10,1,BR 160,商務艙,20187,20164,20179.0,846.41,20220.5,91,91
2025-02-20,週四,下午3:45,下午班機,TPE,晚上7:15,晚間抵達,ICN,中華航空,2,直達航班。,Non-stop,2 小時 30 分鐘,No,Airbus A330,1,CI 162,商務艙,18321,17337,18659.0,306167.83,18045.25,26,91
2025-02-20,週四,下午5:10,下午班機,TPE,晚上8:30,晚間抵達,ICN,韓亞航空,1,直達航班。,Non-stop,2 小時 20 分鐘,No,Airbus A330,1,OZ 714,商務艙,14353,13103,14099.0,1540148.24,13602.25,42,91
2025-02-20,週四,中午12:25,下午班機,TPE,下午3:50,下午抵達,ICN,大韓航空,2,直達航班。,Non-stop,2 小時 25 分鐘,No,Boeing 787-10,1,KE 186,商務艙,17544,16680,17521.0,874370.12,17366.5,91,91
2025-02-20,週四,晚上7:25,晚間班機,TPE,晚上10:55,晚間抵達,ICN,大韓航空,2,直達航班。,Non-stop,2 小時 30 分鐘,No,Boeing 787,1,KE 188,商務艙,17808,16680,17521.0,2039499.51,17621.75,91,80
2025-02-20,週四,清晨7:05,早晨班機,TPE,上午10:30,上午抵達,ICN,長榮航空,1,直達航班。,Non-stop,2 小時 25 分鐘,No,Airbus A330,1,BR 170,商務艙,20187,20164,20179.0,846.41,20172.25,91,91
2025-02-20,週四,清晨7:55,早晨班機,TPE,上午11:20,上午抵達,ICN,中華航空,2,直達航班。,Non-stop,2 小時 25 分鐘,No,Airbus A330,1,CI 160,商務艙,18526,17909,18659.0,81469.89,18511.75,26,91
2025-02-21,週五,上午9:20,上午班機,TSA,中午12:50,下午抵達,GMP,長榮航空,1,直達航班。,Non-stop,2 小時 30 分鐘,No,Airbus A321,0,BR 156,商務艙,20217,20164,20179.0,82491.39,20176.25,76,91
2025-02-21,週五,下午1:40,下午班機,TPE,下午5:00,下午抵達,ICN,韓亞航空,1,直達航班。,Non-stop,2 小時 20 分鐘,No,Airbus A380,2,OZ 712,商務艙,14734,13103,14099.0,4003457.11,14113.5,43,90
2025-02-21,週五,下午3:15,下午班機,TPE,下午6:45,晚間抵達,ICN,長榮航空,1,直達航班。,Non-stop,2 小時 30 分鐘,No,Boeing 787,1,BR 160,商務艙,21005,20164,20181.0,1612206.84,20779.0,76,91
2025-02-21,週五,下午3:45,下午班機,TPE,晚上7:15,晚間抵達,ICN,中華航空,2,直達航班。,Non-stop,2 小時 30 分鐘,No,Airbus A330,1,CI 162,商務艙,18367,17337,18751.0,350763.3,17928.0,27,91
2025-02-21,週五,下午5:10,下午班機,TPE,晚上8:30,晚間抵達,ICN,韓亞航空,1,直達航班。,Non-stop,2 小時 20 分鐘,No,Airbus A330,1,OZ 714,商務艙,15370,13104,15144.0,3654580.33,16672.5,51,75
2025-02-21,週五,中午12:25,下午班機,TPE,下午3:50,下午抵達,ICN,大韓航空,2,直達航班。,Non-stop,2 小時 25 分鐘,No,Airbus A380,2,KE 186,商務艙,17319,16528,17436.0,491016.28,17043.0,14,89
2025-02-21,週五,晚上7:25,晚間班機,TPE,晚上10:55,晚間抵達,ICN,大韓航空,2,直達航班。,Non-stop,2 小時 30 分鐘,No,Airbus A330,1,KE 188,商務艙,17817,16680,17521.0,2043721.57,17576.75,77,84
2025-02-21,週五,清晨7:05,早晨班機,TPE,上午10:30,上午抵達,ICN,長榮航空,1,直達航班。,Non-stop,2 小時 25 分鐘,No,Airbus A330,1,BR 170,商務艙,20188,20164,20179.0,897.47,20189.25,76,91
2025-02-21,週五,清晨7:55,早晨班機,TPE,上午11:20,上午抵達,ICN,中華航空,2,直達航班。,Non-stop,2 小時 25 分鐘,No,Airbus A330,1,CI 160,商務艙,18525,17909,18659.0,81101.12,18542.5,27,91
2025-02-22,週六,上午9:20,上午班機,TSA,中午12:50,下午抵達,GMP,長榮航空,1,直達航班。,Non-stop,2 小時 30 分鐘,No,Airbus A321,0,BR 156,商務艙,20576,20164,20179.0,2518216.97,20198.25,77,90
2025-02-22,週六,下午1:40,下午班機,TPE,下午5:00,下午抵達,ICN,韓亞航空,1,直達航班。,Non-stop,2 小時 20 分鐘,No,Airbus A380,2,OZ 712,商務艙,17231,14098,17604.5,6001479.1,16711.25,78,90
2025-02-22,週六,下午3:15,下午班機,TPE,下午6:45,晚間抵達,ICN,長榮航空,1,直達航班。,Non-stop,2 小時 30 分鐘,No,Boeing 787-10,1,BR 160,商務艙,20198,20164,20179.0,6317.67,20303.5,77,90
2025-02-22,週六,下午3:45,下午班機,TPE,晚上7:15,晚間抵達,ICN,中華航空,2,直達航班。,Non-stop,2 小時 30 分鐘,No,Airbus A330,1,CI 162,商務艙,18364,17337,18751.0,353712.79,18487.0,28,90
2025-02-22,週六,下午5:10,下午班機,TPE,晚上8:30,晚間抵達,ICN,韓亞航空,1,直達航班。,Non-stop,2 小時 20 分鐘,No,Airbus A330,1,OZ 714,商務艙,17056,13104,16701.5,13004090.18,18754.5,52,68
2025-02-22,週六,中午12:25,下午班機,TPE,下午3:50,下午抵達,ICN,大韓航空,2,直達航班。,Non-stop,2 小時 25 分鐘,No,Boeing 787-10,1,KE 186,商務艙,19154,17515,18755.0,3537653.36,21043.25,78,71
2025-02-22,週六,晚上7:25,晚間班機,TPE,晚上10:55,晚間抵達,ICN,大韓航空,2,直達航班。,Non-stop,2 小時 30 分鐘,No,Boeing 787-10,1,KE 188,商務艙,19222,17433,18755.0,1680765.97,19457.5,4,89
2025-02-22,週六,清晨7:05,早晨班機,TPE,上午10:30,上午抵達,ICN,長榮航空,1,直達航班。,Non-stop,2 小時 25 分鐘,No,Airbus A321,0,BR 170,商務艙,20738,20164,20179.0,1016401.23,21365.0,77,89
2025-02-22,週六,清晨7:55,早晨班機,TPE,上午11:20,上午抵達,ICN,中華航空,2,直達航班。,Non-stop,2 小時 25 分鐘,No,Airbus A330,1,CI 160,商務艙,18586,17909,18750.0,158260.65,18605.25,28,90
2025-02-23,週日,上午9:20,上午班機,TSA,中午12:45,下午抵達,GMP,中華航空,2,直達航班。,Non-stop,2 小時 25 分鐘,No,Boeing 737,0,CI 260,商務艙,19774,18481,20170.5,594980.63,19426.25,29,84
2025-02-23,週日,下午1:40,下午班機,TPE,下午5:00,下午抵達,ICN,韓亞航空,1,直達航班。,Non-stop,2 小時 20 分鐘,No,Airbus A380,2,OZ 712,商務艙,17050,13104,16704.0,9929493.18,14502.0,53,87
2025-02-23,週日,下午3:15,下午班機,TPE,下午6:45,晚間抵達,ICN,長榮航空,1,直達航班。,Non-stop,2 小時 30 分鐘,No,Boeing 787,1,BR 160,商務艙,21143,20164,20179.0,3640343.34,20175.0,78,81
2025-02-23,週日,下午3:45,下午班機,TPE,晚上7:15,晚間抵達,ICN,中華航空,2,直達航班。,Non-stop,2 小時 30 分鐘,No,Airbus A330,1,CI 162,商務艙,18390,17337,18751.0,354813.96,18465.0,29,89
2025-02-23,週日,下午5:10,下午班機,TPE,晚上8:30,晚間抵達,ICN,韓亞航空,1,直達航班。,Non-stop,2 小時 20 分鐘,No,Airbus A330,1,OZ 714,商務艙,19183,14100,18349.0,7930368.28,19403.0,91,70
2025-02-23,週日,中午12:25,下午班機,TPE,下午3:50,下午抵達,ICN,大韓航空,2,直達航班。,Non-stop,2 小時 25 分鐘,No,Boeing 787-10,1,KE 186,商務艙,18914,16681,18756.0,2878909.61,18883.5,88,70
2025-02-23,週日,晚上7:25,晚間班機,TPE,晚上10:55,晚間抵達,ICN,大韓航空,2,直達航班。,Non-stop,2 小時 30 分鐘,No,Airbus A330,1,KE 188,商務艙,19473,17515,18755.5,2529531.35,18444.0,77,62
2025-02-23,週日,清晨7:05,早晨班機,TPE,上午10:30,上午抵達,ICN,長榮航空,1,直達航班。,Non-stop,2 小時 25 分鐘,No,Airbus A330,1,BR 170,商務艙,20292,20164,20179.0,578761.94,20172.25,78,89
2025-02-23,週日,清晨7:55,早晨班機,TPE,上午11:20,上午抵達,ICN,中華航空,2,直達航班。,Non-stop,2 小時 25 分鐘,No,Airbus A330,1,CI 160,商務艙,18537,17909,18658.0,91470.74,18585.5,29,89
2025-02-24,週一,上午9:20,上午班機,TSA,中午12:45,下午抵達,GMP,中華航空,2,直達航班。,Non-stop,2 小時 25 分鐘,No,Boeing 737,0,CI 260,商務艙,21456,18847,20185.0,5591755.95,22190.75,74,86
2025-02-24,週一,下午1:40,下午班機,TPE,下午5:00,下午抵達,ICN,韓亞航空,1,直達航班。,Non-stop,2 小時 20 分鐘,No,Airbus A380,2,OZ 712,商務艙,18062,13104,17600.5,12867698.24,19651.25,54,90
2025-02-24,週一,下午3:15,下午班機,TPE,下午6:45,晚間抵達,ICN,長榮航空,1,直達航班。,Non-stop,2 小時 30 分鐘,No,Boeing 787,1,BR 160,商務艙,20591,20164,20179.0,2507238.75,20215.25,79,90
2025-02-24,週一,下午3:45,下午班機,TPE,晚上7:15,晚間抵達,ICN,中華航空,2,直達航班。,Non-stop,2 小時 30 分鐘,No,Airbus A330,1,CI 162,商務艙,18415,17337,18752.5,382405.95,18522.5,30,90
2025-02-24,週一,下午5:10,下午班機,TPE,晚上8:30,晚間抵達,ICN,韓亞航空,1,直達航班。,Non-stop,2 小時 20 分鐘,No,Airbus A330,1,OZ 714,商務艙,17484,14098,16702.0,8796189.08,16753.0,80,85
2025-02-24,週一,中午12:25,下午班機,TPE,下午3:50,下午抵達,ICN,大韓航空,2,直達航班。,Non-stop,2 小時 25 分鐘,No,Boeing 747,2,KE 186,商務艙,19117,16681,18756.0,3157022.17,20314.25,89,78
2025-02-24,週一,晚上7:25,晚間班機,TPE,晚上10:55,晚間抵達,ICN,大韓航空,2,直達航班。,Non-stop,2 小時 30 分鐘,No,Boeing 737,0,KE 188,商務艙,18496,16680,18756.0,2519809.28,19484.25,80,53
2025-02-24,週一,清晨7:05,早晨班機,TPE,上午10:30,上午抵達,ICN,長榮航空,1,直達航班。,Non-stop,2 小時 25 分鐘,No,Airbus A330,1,BR 170,商務艙,20191,20164,20179.0,1057.13,20179.25,79,90
2025-02-24,週一,清晨7:55,早晨班機,TPE,上午11:20,上午抵達,ICN,中華航空,2,直達航班。,Non-stop,2 小時 25 分鐘,No,Airbus A330,1,CI 160,商務艙,18542,17909,18658.0,101572.07,18661.75,30,90
2025-02-25,週二,下午1:40,下午班機,TPE,下午5:00,下午抵達,ICN,韓亞航空,1,直達航班。,Non-stop,2 小時 20 分鐘,No,Airbus A380,2,OZ 712,商務艙,15044,13103,15225.0,2887238.47,13883.5,47,91
2025-02-25,週二,下午2:30,下午班機,TSA,下午6:00,晚間抵達,GMP,長榮航空,1,直達航班。,Non-stop,2 小時 30 分鐘,No,Airbus A321,0,BR 156,商務艙,20509,20164,20181.5,788715.95,20863.5,80,84
2025-02-25,週二,下午3:15,下午班機,TPE,下午6:45,晚間抵達,ICN,長榮航空,1,直達航班。,Non-stop,2 小時 30 分鐘,No,Boeing 787-10,1,BR 160,商務艙,20206,20164,20179.0,8852.55,20198.75,80,91
2025-02-25,週二,下午3:45,下午班機,TPE,晚上7:15,晚間抵達,ICN,中華航空,2,直達航班。,Non-stop,2 小時 30 分鐘,No,Airbus A330,1,CI 162,商務艙,18338,17337,18659.0,324569.05,18135.0,31,91
2025-02-25,週二,下午5:10,下午班機,TPE,晚上8:30,晚間抵達,ICN,韓亞航空,1,直達航班。,Non-stop,2 小時 20 分鐘,No,Airbus A330,1,OZ 714,商務艙,17509,14098,16706.0,6697023.27,15626.5,81,84
2025-02-25,週二,中午12:25,下午班機,TPE,下午3:50,下午抵達,ICN,大韓航空,2,直達航班。,Non-stop,2 小時 25 分鐘,No,Airbus A330,1,KE 186,商務艙,18113,17515,17521.0,1235621.51,17830.25,81,49
2025-02-25,週二,晚上7:25,晚間班機,TPE,晚上10:55,晚間抵達,ICN,大韓航空,2,直達航班。,Non-stop,2 小時 30 分鐘,No,Airbus A330,1,KE 188,商務艙,18720,16680,18756.0,1812585.61,18238.25,81,77
2025-02-25,週二,清晨7:05,早晨班機,TPE,上午10:30,上午抵達,ICN,長榮航空,1,直達航班。,Non-stop,2 小時 25 分鐘,No,Airbus A321,0,BR 170,商務艙,21179,20164,20179.0,3484453.39,21881.25,80,88
2025-02-25,週二,清晨7:55,早晨班機,TPE,上午11:20,上午抵達,ICN,中華航空,2,直達航班。,Non-stop,2 小時 25 分鐘,No,Airbus A330,1,CI 160,商務艙,18538,17909,18658.0,100909.22,18485.5,31,91
2025-02-26,週三,下午1:40,下午班機,TPE,下午5:00,下午抵達,ICN,韓亞航空,1,直達航班。,Non-stop,2 小時 20 分鐘,No,Airbus A380,2,OZ 712,商務艙,15349,13103,15146.0,3161364.21,16116.5,48,91
2025-02-26,週三,下午3:15,下午班機,TPE,下午6:45,晚間抵達,ICN,長榮航空,1,直達航班。,Non-stop,2 小時 30 分鐘,No,Boeing 787,1,BR 160,商務艙,20191,20164,20179.0,1062.8,20184.25,81,89
2025-02-26,週三,下午3:45,下午班機,TSA,晚上7:15,晚間抵達,GMP,長榮航空,1,直達航班。,Non-stop,2 小時 30 分鐘,No,Airbus A321,0,BR 156,商務艙,21373,20164,20261.0,1749922.98,21496.75,81,67
2025-02-26,週三,下午3:45,下午班機,TPE,晚上7:15,晚間抵達,ICN,中華航空,2,直達航班。,Non-stop,2 小時 30 分鐘,No,Airbus A330,1,CI 162,商務艙,18328,17337,18658.5,320720.2,17950.0,32,90
2025-02-26,週三,下午5:10,下午班機,TPE,晚上8:30,晚間抵達,ICN,韓亞航空,1,直達航班。,Non-stop,2 小時 20 分鐘,No,Airbus A330,1,OZ 714,商務艙,16245,13104,15958.0,3836186.12,15122.25,56,87
2025-02-26,週三,中午12:25,下午班機,TPE,下午3:50,下午抵達,ICN,大韓航空,2,直達航班。,Non-stop,2 小時 25 分鐘,No,Boeing 777,1,KE 186,商務艙,18790,16681,18754.0,2340398.84,19151.75,91,90
2025-02-26,週三,晚上7:25,晚間班機,TPE,晚上10:55,晚間抵達,ICN,大韓航空,2,直達航班。,Non-stop,2 小時 30 分鐘,No,Airbus A330,1,KE 188,商務艙,18076,16681,17523.0,1413387.04,17516.75,91,85
2025-02-26,週三,清晨7:05,早晨班機,TPE,上午10:30,上午抵達,ICN,長榮航空,1,直達航班。,Non-stop,2 小時 25 分鐘,No,Airbus A330,1,BR 170,商務艙,20193,20164,20179.0,1141.83,20222.0,81,91
2025-02-26,週三,清晨7:55,早晨班機,TPE,上午11:20,上午抵達,ICN,中華航空,2,直達航班。,Non-stop,2 小時 25 分鐘,No,Airbus A330,1,CI 160,商務艙,18603,17909,18660.0,177260.88,18630.0,32,91
2025-02-27,週四,上午9:20,上午班機,TSA,中午12:45,下午抵達,GMP,中華航空,2,直達航班。,Non-stop,2 小時 25 分鐘,No,Boeing 737,0,CI 260,商務艙,27196,24388,27745.0,1755506.74,27741.5,82,67
2025-02-27,週四,下午1:40,下午班機,TPE,下午5:00,下午抵達,ICN,韓亞航空,1,直達航班。,Non-stop,2 小時 20 分鐘,No,Airbus A380,2,OZ 712,商務艙,17377,13104,17598.0,5965857.65,16838.25,57,91
2025-02-27,週四,下午3:15,下午班機,TPE,下午6:45,晚間抵達,ICN,長榮航空,1,直達航班。,Non-stop,2 小時 30 分鐘,No,Boeing 787,1,BR 160,商務艙,22265,20174,21959.0,1993304.05,21908.75,68,82
2025-02-27,週四,下午3:45,下午班機,TPE,晚上7:15,晚間抵達,ICN,中華航空,2,直達航班。,Non-stop,2 小時 30 分鐘,No,Airbus A330,1,CI 162,商務艙,18928,17684,18752.0,1264522.67,18709.5,68,89
2025-02-27,週四,下午5:10,下午班機,TPE,晚上8:30,晚間抵達,ICN,韓亞航空,1,直達航班。,Non-stop,2 小時 20 分鐘,No,Airbus A330,1,OZ 714,商務艙,15667,13103,15146.0,4441424.13,16052.5,49,83
2025-02-27,週四,中午12:25,下午班機,TPE,下午3:50,下午抵達,ICN,大韓航空,2,直達航班。,Non-stop,2 小時 25 分鐘,No,Boeing 777,1,KE 186,商務艙,18212,16680,17521.5,3041257.13,18095.0,83,88
2025-02-27,週四,晚上7:25,晚間班機,TPE,晚上10:55,晚間抵達,ICN,大韓航空,2,直達航班。,Non-stop,2 小時 30 分鐘,No,Boeing 787,1,KE 188,商務艙,18487,16680,18668.0,2355986.01,18135.0,83,80
2025-02-27,週四,清晨7:05,早晨班機,TPE,上午10:30,上午抵達,ICN,長榮航空,1,直達航班。,Non-stop,2 小時 25 分鐘,No,Airbus A330,1,BR 170,商務艙,22697,20174,21964.0,2180482.86,23133.25,68,88
2025-02-27,週四,清晨7:55,早晨班機,TPE,上午11:20,上午抵達,ICN,中華航空,2,直達航班。,Non-stop,2 小時 25 分鐘,No,Airbus A330,1,CI 160,商務艙,19485,18269,18755.0,3507396.12,18754.5,68,91
2025-02-28,週五,上午9:20,上午班機,TSA,中午12:50,下午抵達,GMP,長榮航空,1,直達航班。,Non-stop,2 小時 30 分鐘,No,Airbus A321,0,BR 156,商務艙,24505,20169,24634.0,374781.58,24629.75,76,69
2025-02-28,週五,下午1:40,下午班機,TPE,下午5:00,下午抵達,ICN,韓亞航空,1,直達航班。,Non-stop,2 小時 20 分鐘,No,Airbus A380,2,OZ 712,商務艙,16089,13103,15957.0,4677049.2,17069.25,50,90
2025-02-28,週五,下午3:15,下午班機,TPE,下午6:45,晚間抵達,ICN,長榮航空,1,直達航班。,Non-stop,2 小時 30 分鐘,No,Boeing 787,1,BR 160,商務艙,22250,20169,21960.0,1688416.43,21949.5,76,91
2025-02-28,週五,下午3:45,下午班機,TPE,晚上7:15,晚間抵達,ICN,中華航空,2,直達航班。,Non-stop,2 小時 30 分鐘,No,Airbus A330,1,CI 162,商務艙,18661,17679,18751.0,40948.0,18686.25,76,91
2025-02-28,週五,下午5:10,下午班機,TPE,晚上8:30,晚間抵達,ICN,韓亞航空,1,直達航班。,Non-stop,2 小時 20 分鐘,No,Airbus A330,1,OZ 714,商務艙,15208,13103,15147.5,2900582.61,14904.25,36,90
2025-02-28,週五,中午12:25,下午班機,TPE,下午3:50,下午抵達,ICN,大韓航空,2,直達航班。,Non-stop,2 小時 25 分鐘,No,Boeing 777,1,KE 186,商務艙,18076,16680,17524.0,2516957.45,18631.0,84,91
2025-02-28,週五,晚上7:25,晚間班機,TPE,晚上10:55,晚間抵達,ICN,大韓航空,2,直達航班。,Non-stop,2 小時 30 分鐘,No,Boeing 777,1,KE 188,商務艙,17682,16680,17435.0,2136629.07,18157.75,84,84
2025-02-28,週五,清晨7:05,早晨班機,TPE,上午10:30,上午抵達,ICN,長榮航空,1,直達航班。,Non-stop,2 小時 25 分鐘,No,Airbus A330,1,BR 170,商務艙,22446,20169,21964.0,1456568.25,22497.75,76,91
2025-02-28,週五,清晨7:55,早晨班機,TPE,上午11:20,上午抵達,ICN,中華航空,2,直達航班。,Non-stop,2 小時 25 分鐘,No,Airbus A330,1,CI 160,商務艙,20627,18264,18758.0,6496279.08,21355.75,76,89
2025-03-01,週六,上午9:20,上午班機,TSA,中午12:50,下午抵達,GMP,長榮航空,1,直達航班。,Non-stop,2 小時 30 分鐘,No,Airbus A321,0,BR 156,商務艙,21828,20164,20186.0,5280839.99,20860.0,84,91
2025-03-01,週六,下午1:40,下午班機,TPE,下午5:00,下午抵達,ICN,韓亞航空,1,直達航班。,Non-stop,2 小時 20 分鐘,No,Airbus A380,2,OZ 712,商務艙,14957,13103,15144.0,1849278.43,14825.25,51,91
2025-03-01,週六,下午3:15,下午班機,TPE,下午6:45,晚間抵達,ICN,長榮航空,1,直達航班。,Non-stop,2 小時 30 分鐘,No,Boeing 787-10,1,BR 160,商務艙,20196,20164,20182.0,1264.92,20201.0,84,91
2025-03-01,週六,下午3:45,下午班機,TPE,晚上7:15,晚間抵達,ICN,中華航空,2,直達航班。,Non-stop,2 小時 30 分鐘,No,Airbus A330,1,CI 162,商務艙,18468,17337,18910.0,434680.62,18628.25,35,91
2025-03-01,週六,下午5:10,下午班機,TPE,晚上8:30,晚間抵達,ICN,韓亞航空,1,直達航班。,Non-stop,2 小時 20 分鐘,No,Airbus A330,1,OZ 714,商務艙,19108,16698,16706.5,6851060.32,19421.75,85,82
2025-03-01,週六,中午12:25,下午班機,TPE,下午3:50,下午抵達,ICN,大韓航空,2,直達航班。,Non-stop,2 小時 25 分鐘,No,Boeing 747,2,KE 186,商務艙,19657,17435,18756.0,3034304.98,21007.5,4,87
2025-03-01,週六,晚上7:25,晚間班機,TPE,晚上10:55,晚間抵達,ICN,大韓航空,2,直達航班。,Non-stop,2 小時 30 分鐘,No,Airbus A330,1,KE 188,商務艙,18643,17521,18754.0,301305.9,18754.75,38,67
2025-03-01,週六,清晨7:05,早晨班機,TPE,上午10:30,上午抵達,ICN,長榮航空,1,直達航班。,Non-stop,2 小時 25 分鐘,No,Airbus A330,1,BR 170,商務艙,22985,22496,22512.0,1906785.5,22505.5,84,86
2025-03-01,週六,清晨7:55,早晨班機,TPE,上午11:20,上午抵達,ICN,中華航空,2,直達航班。,Non-stop,2 小時 25 分鐘,No,Airbus A330,1,CI 160,商務艙,19081,17909,19540.0,466345.32,19265.0,35,91
2025-03-02,週日,上午9:20,上午班機,TSA,中午12:45,下午抵達,GMP,中華航空,2,直達航班。,Non-stop,2 小時 25 分鐘,No,Boeing 737,0,CI 260,商務艙,22003,18481,22822.0,2042506.99,22868.75,33,79
2025-03-02,週日,下午1:40,下午班機,TPE,下午5:00,下午抵達,ICN,韓亞航空,1,直達航班。,Non-stop,2 小時 20 分鐘,No,Airbus A380,2,OZ 712,商務艙,17654,15145,16706.0,2188754.82,17548.25,21,85
2025-03-02,週日,下午3:15,下午班機,TPE,下午6:45,晚間抵達,ICN,長榮航空,1,直達航班。,Non-stop,2 小時 30 分鐘,No,Boeing 787,1,BR 160,商務艙,20877,20164,20181.0,3637854.82,20181.5,85,75
2025-03-02,週日,下午3:45,下午班機,TPE,晚上7:15,晚間抵達,ICN,中華航空,2,直達航班。,Non-stop,2 小時 30 分鐘,No,Airbus A330,1,CI 162,商務艙,18647,17337,18916.0,924012.34,18654.0,33,85
2025-03-02,週日,下午5:10,下午班機,TPE,晚上8:30,晚間抵達,ICN,韓亞航空,1,直達航班。,Non-stop,2 小時 20 分鐘,No,Airbus A330,1,OZ 714,商務艙,18419,15958,17606.0,1663267.56,17978.5,43,68
2025-03-02,週日,中午12:25,下午班機,TPE,下午3:50,下午抵達,ICN,大韓航空,2,直達航班。,Non-stop,2 小時 25 分鐘,No,Boeing 777,1,KE 186,商務艙,18751,16686,18581.0,2199122.43,19973.0,39,77
2025-03-02,週日,清晨7:05,早晨班機,TPE,上午10:30,上午抵達,ICN,長榮航空,1,直達航班。,Non-stop,2 小時 25 分鐘,No,Airbus A330,1,BR 170,商務艙,20269,20164,20183.0,61385.03,20178.75,85,85
2025-03-02,週日,清晨7:55,早晨班機,TPE,上午11:20,上午抵達,ICN,中華航空,2,直達航班。,Non-stop,2 小時 25 分鐘,No,Airbus A330,1,CI 160,商務艙,19126,17909,19546.0,423200.24,19569.0,33,84
2025-03-03,週一,上午9:20,上午班機,TSA,中午12:45,下午抵達,GMP,中華航空,2,直達航班。,Non-stop,2 小時 25 分鐘,No,Boeing 737,0,CI 260,商務艙,23525,20183,22826.0,4673955.96,24846.75,52,78
2025-03-03,週一,下午1:40,下午班機,TPE,下午5:00,下午抵達,ICN,韓亞航空,1,直達航班。,Non-stop,2 小時 20 分鐘,No,Airbus A380,2,OZ 712,商務艙,19487,15957,19104.5,6198141.93,19253.0,41,64
2025-03-03,週一,下午3:15,下午班機,TPE,下午6:45,晚間抵達,ICN,長榮航空,1,直達航班。,Non-stop,2 小時 30 分鐘,No,Boeing 787-10,1,BR 160,商務艙,21919,20164,20179.0,6824793.95,20764.5,86,59
2025-03-03,週一,下午3:45,下午班機,TPE,晚上7:15,晚間抵達,ICN,中華航空,2,直達航班。,Non-stop,2 小時 30 分鐘,No,Airbus A330,1,CI 162,商務艙,18532,17337,18903.0,1248729.11,17987.5,37,59
2025-03-03,週一,下午5:10,下午班機,TPE,晚上8:30,晚間抵達,ICN,韓亞航空,1,直達航班。,Non-stop,2 小時 20 分鐘,No,Airbus A330,1,OZ 714,商務艙,21503,17598,22103.0,2219699.06,19852.25,85,55
2025-03-03,週一,中午12:25,下午班機,TPE,下午3:50,下午抵達,ICN,大韓航空,2,直達航班。,Non-stop,2 小時 25 分鐘,No,Boeing 787-10,1,KE 186,商務艙,20188,17515,18759.0,2640510.36,20258.25,85,43
2025-03-03,週一,清晨7:05,早晨班機,TPE,上午10:30,上午抵達,ICN,長榮航空,1,直達航班。,Non-stop,2 小時 25 分鐘,No,Airbus A330,1,BR 170,商務艙,23704,20164,22512.0,5671422.87,23026.5,85,74
2025-03-03,週一,清晨7:55,早晨班機,TPE,上午11:20,上午抵達,ICN,中華航空,2,直達航班。,Non-stop,2 小時 25 分鐘,No,Airbus A330,1,CI 160,商務艙,22181,18264,22387.0,2583543.54,23290.25,79,77
2025-03-04,週二,下午1:40,下午班機,TPE,下午5:00,下午抵達,ICN,韓亞航空,1,直達航班。,Non-stop,2 小時 20 分鐘,No,Airbus A380,2,OZ 712,商務艙,15136,13103,15146.0,4693373.46,14395.0,54,86
2025-03-04,週二,下午2:30,下午班機,TSA,下午6:00,晚間抵達,GMP,長榮航空,1,直達航班。,Non-stop,2 小時 30 分鐘,No,Airbus A321,0,BR 156,商務艙,20653,20164,20183.0,2141382.21,22048.75,87,67
2025-03-04,週二,下午3:15,下午班機,TPE,下午6:45,晚間抵達,ICN,長榮航空,1,直達航班。,Non-stop,2 小時 30 分鐘,No,Boeing 787,1,BR 160,商務艙,20306,20164,20183.0,249367.03,20308.75,87,85
2025-03-04,週二,下午3:45,下午班機,TPE,晚上7:15,晚間抵達,ICN,中華航空,2,直達航班。,Non-stop,2 小時 30 分鐘,No,Airbus A330,1,CI 162,商務艙,18340,17337,18657.5,282866.53,18222.5,37,86
2025-03-04,週二,下午5:10,下午班機,TPE,晚上8:30,晚間抵達,ICN,韓亞航空,1,直達航班。,Non-stop,2 小時 20 分鐘,No,Airbus A330,1,OZ 714,商務艙,18055,14098,16707.0,9249775.71,18103.25,88,70
2025-03-04,週二,中午12:25,下午班機,TPE,下午3:50,下午抵達,ICN,大韓航空,2,直達航班。,Non-stop,2 小時 25 分鐘,No,Boeing 777,1,KE 186,商務艙,19166,16680,18756.0,2763855.18,18883.0,88,84
2025-03-04,週二,晚上7:25,晚間班機,TPE,晚上10:55,晚間抵達,ICN,大韓航空,2,直達航班。,Non-stop,2 小時 30 分鐘,No,Airbus A330,1,KE 188,商務艙,19554,17515,18758.0,2577129.01,20230.25,88,67
2025-03-04,週二,清晨7:05,早晨班機,TPE,上午10:30,上午抵達,ICN,長榮航空,1,直達航班。,Non-stop,2 小時 25 分鐘,No,Airbus A321,0,BR 170,商務艙,20779,20164,20183.0,2182739.51,20782.5,87,83
2025-03-04,週二,清晨7:55,早晨班機,TPE,上午11:20,上午抵達,ICN,中華航空,2,直達航班。,Non-stop,2 小時 25 分鐘,No,Airbus A330,1,CI 160,商務艙,18666,17909,18658.0,341758.46,18181.25,37,86
2025-03-05,週三,下午1:40,下午班機,TPE,下午5:00,下午抵達,ICN,韓亞航空,1,直達航班。,Non-stop,2 小時 20 分鐘,No,Airbus A380,2,OZ 712,商務艙,15073,13103,15226.0,2221136.43,15434.0,55,89
2025-03-05,週三,下午3:15,下午班機,TPE,下午6:45,晚間抵達,ICN,長榮航空,1,直達航班。,Non-stop,2 小時 30 分鐘,No,Boeing 787,1,BR 160,商務艙,20265,20164,20184.0,31575.34,20198.25,88,89
2025-03-05,週三,下午3:45,下午班機,TSA,晚上7:15,晚間抵達,GMP,長榮航空,1,直達航班。,Non-stop,2 小時 30 分鐘,No,Airbus A321,0,BR 156,商務艙,20204,20164,20184.0,1572.7,20200.5,88,85
2025-03-05,週三,下午3:45,下午班機,TPE,晚上7:15,晚間抵達,ICN,中華航空,2,直達航班。,Non-stop,2 小時 30 分鐘,No,Airbus A330,1,CI 162,商務艙,18328,17337,18658.0,278867.93,18170.25,37,89
2025-03-05,週三,下午5:10,下午班機,TPE,晚上8:30,晚間抵達,ICN,韓亞航空,1,直達航班。,Non-stop,2 小時 20 分鐘,No,Airbus A330,1,OZ 714,商務艙,14634,13103,15145.0,1737560.99,13354.75,55,89
2025-03-05,週三,中午12:25,下午班機,TPE,下午3:50,下午抵達,ICN,大韓航空,2,直達航班。,Non-stop,2 小時 25 分鐘,No,Airbus A380,2,KE 186,商務艙,17863,16607,17525.0,808635.84,18445.25,15,89
2025-03-05,週三,晚上7:25,晚間班機,TPE,晚上10:55,晚間抵達,ICN,大韓航空,2,直達航班。,Non-stop,2 小時 30 分鐘,No,Airbus A330,1,KE 188,商務艙,16996,16607,16686.0,687761.49,17063.25,15,91
2025-03-05,週三,清晨7:05,早晨班機,TPE,上午10:30,上午抵達,ICN,長榮航空,1,直達航班。,Non-stop,2 小時 25 分鐘,No,Airbus A330,1,BR 170,商務艙,23074,20169,22515.0,2904913.56,22514.25,79,89
2025-03-05,週三,清晨7:55,早晨班機,TPE,上午11:20,上午抵達,ICN,中華航空,2,直達航班。,Non-stop,2 小時 25 分鐘,No,Airbus A330,1,CI 160,商務艙,19528,17909,19554.0,1513073.42,19974.75,37,79
2025-03-09,週日,上午9:20,上午班機,TSA,中午12:45,下午抵達,GMP,中華航空,2,直達航班。,Non-stop,2 小時 25 分鐘,No,Boeing 737,0,CI 260,商務艙,20064,18481,20185.0,2264460.41,20889.0,43,87
2025-03-09,週日,下午1:40,下午班機,TPE,下午5:00,下午抵達,ICN,韓亞航空,1,直達航班。,Non-stop,2 小時 20 分鐘,No,Airbus A380,2,OZ 712,商務艙,15643,13103,15149.0,5362230.27,14739.5,59,91
2025-03-09,週日,下午3:15,下午班機,TPE,下午6:45,晚間抵達,ICN,長榮航空,1,直達航班。,Non-stop,2 小時 30 分鐘,No,Boeing 787,1,BR 160,商務艙,20225,20164,20184.0,11396.3,20201.0,91,91
2025-03-09,週日,下午3:45,下午班機,TPE,晚上7:15,晚間抵達,ICN,中華航空,2,直達航班。,Non-stop,2 小時 30 分鐘,No,Airbus A330,1,CI 162,商務艙,18303,17337,18657.0,292495.26,18087.25,43,91
2025-03-09,週日,下午5:10,下午班機,TPE,晚上8:30,晚間抵達,ICN,韓亞航空,1,直達航班。,Non-stop,2 小時 20 分鐘,No,Airbus A330,1,OZ 714,商務艙,15868,13103,15955.0,7803797.32,16649.5,59,91
2025-03-09,週日,中午12:25,下午班機,TPE,下午3:50,下午抵達,ICN,大韓航空,2,直達航班。,Non-stop,2 小時 25 分鐘,No,Boeing 777,1,KE 186,商務艙,17373,16529,17356.0,922815.15,17514.5,36,91
2025-03-09,週日,晚上7:25,晚間班機,TPE,晚上10:55,晚間抵達,ICN,大韓航空,2,直達航班。,Non-stop,2 小時 30 分鐘,No,Airbus A330,1,KE 188,商務艙,19216,16680,18756.0,2435715.55,19433.5,91,90
2025-03-10,週一,上午9:20,上午班機,TSA,中午12:45,下午抵達,GMP,中華航空,2,直達航班。,Non-stop,2 小時 25 分鐘,No,Boeing 737,0,CI 260,商務艙,21118,18481,20185.0,8246935.87,22211.75,44,91
2025-03-10,週一,下午1:40,下午班機,TPE,下午5:00,下午抵達,ICN,韓亞航空,1,直達航班。,Non-stop,2 小時 20 分鐘,No,Airbus A380,2,OZ 712,商務艙,14623,13103,15146.0,1733067.27,15032.0,60,91
2025-03-10,週一,下午3:15,下午班機,TPE,下午6:45,晚間抵達,ICN,長榮航空,1,直達航班。,Non-stop,2 小時 30 分鐘,No,Boeing 787,1,BR 160,商務艙,20208,20164,20185.0,1619.24,20197.0,90,91
2025-03-10,週一,下午3:45,下午班機,TPE,晚上7:15,晚間抵達,ICN,中華航空,2,直達航班。,Non-stop,2 小時 30 分鐘,No,Airbus A330,1,CI 162,商務艙,18301,17337,18657.0,290017.1,18086.25,44,91
2025-03-10,週一,下午5:10,下午班機,TPE,晚上8:30,晚間抵達,ICN,韓亞航空,1,直達航班。,Non-stop,2 小時 20 分鐘,No,Boeing 777,1,OZ 714,商務艙,18066,13103,19185.0,10918976.05,19015.5,60,91
2025-03-10,週一,中午12:25,下午班機,TPE,下午3:50,下午抵達,ICN,大韓航空,2,直達航班。,Non-stop,2 小時 25 分鐘,No,Boeing 747,2,KE 186,商務艙,17095,16607,17355.0,185596.88,17067.0,20,91
2025-03-10,週一,晚上7:25,晚間班機,TPE,晚上10:55,晚間抵達,ICN,大韓航空,2,直達航班。,Non-stop,2 小時 30 分鐘,No,Airbus A330,1,KE 188,商務艙,18181,16680,17521.0,1023004.77,17455.0,90,91
2025-03-10,週一,清晨7:05,早晨班機,TPE,上午10:30,上午抵達,ICN,長榮航空,1,直達航班。,Non-stop,2 小時 25 分鐘,No,Airbus A330,1,BR 170,商務艙,20208,20164,20185.0,1619.24,20181.5,90,91
2025-03-10,週一,清晨7:55,早晨班機,TPE,上午11:20,上午抵達,ICN,中華航空,2,直達航班。,Non-stop,2 小時 25 分鐘,No,Airbus A330,1,CI 160,商務艙,18505,17909,18657.0,73692.9,18441.5,44,91
2025-03-11,週二,下午1:40,下午班機,TPE,下午5:00,下午抵達,ICN,韓亞航空,1,直達航班。,Non-stop,2 小時 20 分鐘,No,Airbus A380,2,OZ 712,商務艙,14882,13103,15186.5,2764976.06,13636.0,61,88
2025-03-11,週二,下午2:30,下午班機,TSA,下午6:00,晚間抵達,GMP,長榮航空,1,直達航班。,Non-stop,2 小時 30 分鐘,No,Airbus A321,0,BR 156,商務艙,23525,20165,22831.0,12055776.19,24581.0,90,51
2025-03-11,週二,下午3:15,下午班機,TPE,下午6:45,晚間抵達,ICN,長榮航空,1,直達航班。,Non-stop,2 小時 30 分鐘,No,Boeing 787,1,BR 160,商務艙,20235,20164,20186.0,61019.88,20179.0,91,89
2025-03-11,週二,下午3:45,下午班機,TPE,晚上7:15,晚間抵達,ICN,中華航空,2,直達航班。,Non-stop,2 小時 30 分鐘,No,Airbus A330,1,CI 162,商務艙,18323,17337,18658.0,276023.5,18221.75,44,89
2025-03-11,週二,下午5:10,下午班機,TPE,晚上8:30,晚間抵達,ICN,韓亞航空,1,直達航班。,Non-stop,2 小時 20 分鐘,No,Airbus A330,1,OZ 714,商務艙,14917,13103,15224.0,2709692.69,14925.25,61,87
2025-03-11,週二,中午12:25,下午班機,TPE,下午3:50,下午抵達,ICN,大韓航空,2,直達航班。,Non-stop,2 小時 25 分鐘,No,Boeing 787-10,1,KE 186,商務艙,16903,16528,16684.5,743056.24,16668.25,32,88
2025-03-11,週二,晚上7:25,晚間班機,TPE,晚上10:55,晚間抵達,ICN,大韓航空,2,直達航班。,Non-stop,2 小時 30 分鐘,No,Airbus A330,1,KE 188,商務艙,17526,16680,17435.0,936090.47,17556.5,90,87
2025-03-11,週二,清晨7:05,早晨班機,TPE,上午10:30,上午抵達,ICN,長榮航空,1,直達航班。,Non-stop,2 小時 25 分鐘,No,Airbus A321,0,BR 170,商務艙,20362,20164,20185.5,678098.7,20218.5,91,90
2025-03-11,週二,清晨7:55,早晨班機,TPE,上午11:20,上午抵達,ICN,中華航空,2,直達航班。,Non-stop,2 小時 25 分鐘,No,Airbus A330,1,CI 160,商務艙,18569,17909,18658.0,243195.75,18486.5,44,90
2025-03-12,週三,下午1:40,下午班機,TPE,下午5:00,下午抵達,ICN,韓亞航空,1,直達航班。,Non-stop,2 小時 20 分鐘,No,Airbus A380,2,OZ 712,商務艙,14676,13103,15147.5,1703028.05,15085.75,62,90
2025-03-12,週三,下午3:15,下午班機,TPE,下午6:45,晚間抵達,ICN,長榮航空,1,直達航班。,Non-stop,2 小時 30 分鐘,No,Boeing 787,1,BR 160,商務艙,20210,20165,20185.5,1674.12,20223.25,91,90
2025-03-12,週三,下午3:45,下午班機,TSA,晚上7:15,晚間抵達,GMP,長榮航空,1,直達航班。,Non-stop,2 小時 30 分鐘,No,Airbus A321,0,BR 156,商務艙,20241,20165,20185.0,85638.36,20244.0,91,87
2025-03-12,週三,下午3:45,下午班機,TPE,晚上7:15,晚間抵達,ICN,中華航空,2,直達航班。,Non-stop,2 小時 30 分鐘,No,Airbus A330,1,CI 162,商務艙,18316,17337,18658.0,282104.11,18639.25,46,91
2025-03-12,週三,下午5:10,下午班機,TPE,晚上8:30,晚間抵達,ICN,韓亞航空,1,直達航班。,Non-stop,2 小時 20 分鐘,No,Airbus A330,1,OZ 714,商務艙,14743,13103,15148.5,1891440.03,15964.5,62,90
2025-03-12,週三,中午12:25,下午班機,TPE,下午3:50,下午抵達,ICN,大韓航空,2,直達航班。,Non-stop,2 小時 25 分鐘,No,Boeing 787-10,1,KE 186,商務艙,17561,16680,17438.0,546193.96,17081.25,91,90
2025-03-12,週三,清晨7:05,早晨班機,TPE,上午10:30,上午抵達,ICN,長榮航空,1,直達航班。,Non-stop,2 小時 25 分鐘,No,Airbus A330,1,BR 170,商務艙,20236,20165,20185.5,60839.38,20178.75,91,90
2025-03-12,週三,清晨7:55,早晨班機,TPE,上午11:20,上午抵達,ICN,中華航空,2,直達航班。,Non-stop,2 小時 25 分鐘,No,Airbus A330,1,CI 160,商務艙,18510,17909,18658.0,69661.16,18210.25,46,90
2025-03-13,週四,上午9:20,上午班機,TSA,中午12:45,下午抵達,GMP,中華航空,2,直達航班。,Non-stop,2 小時 25 分鐘,No,Boeing 737,0,CI 260,商務艙,20625,18481,20186.0,3042765.47,20881.5,47,89
2025-03-14,週五,中午12:25,下午班機,TPE,下午3:50,下午抵達,ICN,大韓航空,2,直達航班。,Non-stop,2 小時 25 分鐘,No,Boeing 787-10,1,KE 186,商務艙,17073,16528,16686.0,1620229.02,16815.0,35,91
2025-03-15,週六,上午9:20,上午班機,TSA,中午12:50,下午抵達,GMP,長榮航空,1,直達航班。,Non-stop,2 小時 30 分鐘,No,Airbus A321,0,BR 156,商務艙,20981,20167,20186.0,1950490.27,22049.0,87,85
2025-03-15,週六,下午1:40,下午班機,TPE,下午5:00,下午抵達,ICN,韓亞航空,1,直達航班。,Non-stop,2 小時 20 分鐘,No,Airbus A380,2,OZ 712,商務艙,14716,13103,15149.0,1955475.36,13864.5,65,91
2025-03-15,週六,下午3:15,下午班機,TPE,下午6:45,晚間抵達,ICN,長榮航空,1,直達航班。,Non-stop,2 小時 30 分鐘,No,Boeing 787-10,1,BR 160,商務艙,20212,20167,20186.0,1675.74,20203.5,87,91
2025-03-15,週六,下午3:45,下午班機,TPE,晚上7:15,晚間抵達,ICN,中華航空,2,直達航班。,Non-stop,2 小時 30 分鐘,No,Airbus A330,1,CI 162,商務艙,18320,17337,18658.0,282270.02,17778.75,49,91
2025-03-15,週六,下午5:10,下午班機,TPE,晚上8:30,晚間抵達,ICN,韓亞航空,1,直達航班。,Non-stop,2 小時 20 分鐘,No,Airbus A330,1,OZ 714,商務艙,17558,13103,16705.0,14134934.67,15625.25,65,91
2025-03-15,週六,中午12:25,下午班機,TPE,下午3:50,下午抵達,ICN,大韓航空,2,直達航班。,Non-stop,2 小時 25 分鐘,No,Boeing 787-10,1,KE 186,商務艙,17322,16681,17354.0,1147905.76,17059.75,87,91
2025-03-15,週六,晚上7:25,晚間班機,TPE,晚上10:55,晚間抵達,ICN,大韓航空,2,直達航班。,Non-stop,2 小時 30 分鐘,No,Boeing 787,1,KE 188,商務艙,17838,17355,17522.0,304301.75,18400.0,42,91
2025-03-15,週六,清晨7:05,早晨班機,TPE,上午10:30,上午抵達,ICN,長榮航空,1,直達航班。,Non-stop,2 小時 25 分鐘,No,Airbus A321,0,BR 170,商務艙,23162,20167,22517.0,7286393.99,21970.0,87,87
2025-03-15,週六,清晨7:55,早晨班機,TPE,上午11:20,上午抵達,ICN,中華航空,2,直達航班。,Non-stop,2 小時 25 分鐘,No,Airbus A330,1,CI 160,商務艙,18587,17909,18658.0,162750.64,18424.0,49,91
2025-03-16,週日,上午9:20,上午班機,TSA,中午12:45,下午抵達,GMP,中華航空,2,直達航班。,Non-stop,2 小時 25 分鐘,No,Boeing 737,0,CI 260,商務艙,19866,18481,20188.0,1005019.91,19815.5,50,85
2025-03-16,週日,下午1:40,下午班機,TPE,下午5:00,下午抵達,ICN,韓亞航空,1,直達航班。,Non-stop,2 小時 20 分鐘,No,Airbus A380,2,OZ 712,商務艙,14840,13103,15225.0,2122396.14,14413.75,66,86
2025-03-16,週日,下午3:15,下午班機,TPE,下午6:45,晚間抵達,ICN,長榮航空,1,直達航班。,Non-stop,2 小時 30 分鐘,No,Boeing 787,1,BR 160,商務艙,20220,20167,20186.0,4261.01,20200.5,88,87
2025-03-16,週日,下午3:45,下午班機,TPE,晚上7:15,晚間抵達,ICN,中華航空,2,直達航班。,Non-stop,2 小時 30 分鐘,No,Airbus A330,1,CI 162,商務艙,18346,17337,18658.0,276992.42,18086.75,50,87
2025-03-16,週日,下午5:10,下午班機,TPE,晚上8:30,晚間抵達,ICN,韓亞航空,1,直達航班。,Non-stop,2 小時 20 分鐘,No,Airbus A330,1,OZ 714,商務艙,15398,13103,15228.0,2258010.84,16202.75,66,87
2025-03-16,週日,中午12:25,下午班機,TPE,下午3:50,下午抵達,ICN,大韓航空,2,直達航班。,Non-stop,2 小時 25 分鐘,No,Boeing 787-10,1,KE 186,商務艙,18441,16681,18577.0,2870857.56,18070.25,88,87
2025-03-16,週日,晚上7:25,晚間班機,TPE,晚上10:55,晚間抵達,ICN,大韓航空,2,直達航班。,Non-stop,2 小時 30 分鐘,No,Airbus A330,1,KE 188,商務艙,19526,18577,18756.0,1865476.27,18662.25,37,86
2025-03-16,週日,清晨7:05,早晨班機,TPE,上午10:30,上午抵達,ICN,長榮航空,1,直達航班。,Non-stop,2 小時 25 分鐘,No,Airbus A330,1,BR 170,商務艙,20215,20167,20186.0,1709.89,20244.0,88,87
2025-03-16,週日,清晨7:55,早晨班機,TPE,上午11:20,上午抵達,ICN,中華航空,2,直達航班。,Non-stop,2 小時 25 分鐘,No,Airbus A330,1,CI 160,商務艙,18530,17909,18658.0,79963.51,18540.75,50,87
2025-03-17,週一,上午9:20,上午班機,TSA,中午12:45,下午抵達,GMP,中華航空,2,直達航班。,Non-stop,2 小時 25 分鐘,No,Boeing 737,0,CI 260,商務艙,20829,18481,20188.0,6169622.39,19868.75,51,86
2025-03-17,週一,上午9:30,上午班機,TPE,下午1:00,下午抵達,ICN,長榮航空,1,直達航班。,Non-stop,2 小時 30 分鐘,No,Boeing 787,1,BR 154,商務艙,20217,20167,20188.0,1702.74,20242.5,89,85
2025-03-17,週一,下午1:40,下午班機,TPE,下午5:00,下午抵達,ICN,韓亞航空,1,直達航班。,Non-stop,2 小時 20 分鐘,No,Airbus A380,2,OZ 712,商務艙,14907,13103,15225.0,2681014.36,14146.5,67,89
2025-03-17,週一,下午3:15,下午班機,TPE,下午6:45,晚間抵達,ICN,長榮航空,1,直達航班。,Non-stop,2 小時 30 分鐘,No,Boeing 787,1,BR 160,商務艙,22692,20167,20186.0,10810538.03,20179.0,89,88
2025-03-17,週一,下午3:45,下午班機,TPE,晚上7:15,晚間抵達,ICN,中華航空,2,直達航班。,Non-stop,2 小時 30 分鐘,No,Airbus A330,1,CI 162,商務艙,18349,17337,18658.0,268189.09,18619.25,51,89
2025-03-17,週一,下午5:10,下午班機,TPE,晚上8:30,晚間抵達,ICN,韓亞航空,1,直達航班。,Non-stop,2 小時 20 分鐘,No,Airbus A330,1,OZ 714,商務艙,15990,13107,15956.0,830423.11,16789.75,55,89
2025-03-17,週一,中午12:25,下午班機,TPE,下午3:50,下午抵達,ICN,大韓航空,2,直達航班。,Non-stop,2 小時 25 分鐘,No,Boeing 787-10,1,KE 186,商務艙,17329,16608,17354.0,1101752.81,16853.75,23,89
2025-03-17,週一,晚上7:25,晚間班機,TPE,晚上10:55,晚間抵達,ICN,大韓航空,2,直達航班。,Non-stop,2 小時 30 分鐘,No,Airbus A330,1,KE 188,商務艙,17736,16611,17521.0,629257.61,17311.0,31,88
2025-03-17,週一,清晨7:05,早晨班機,TPE,上午10:30,上午抵達,ICN,長榮航空,1,直達航班。,Non-stop,2 小時 25 分鐘,No,Airbus A330,1,BR 170,商務艙,20215,20167,20186.0,1722.76,20198.5,89,89
2025-03-17,週一,清晨7:55,早晨班機,TPE,上午11:20,上午抵達,ICN,中華航空,2,直達航班。,Non-stop,2 小時 25 分鐘,No,Airbus A330,1,CI 160,商務艙,18525,17909,18658.0,67947.27,18496.5,51,89
2025-03-18,週二,下午1:40,下午班機,TPE,下午5:00,下午抵達,ICN,韓亞航空,1,直達航班。,Non-stop,2 小時 20 分鐘,No,Airbus A380,2,OZ 712,商務艙,14774,13103,15225.0,1760207.27,14536.25,68,89
2025-03-18,週二,下午2:30,下午班機,TSA,下午6:00,晚間抵達,GMP,長榮航空,1,直達航班。,Non-stop,2 小時 30 分鐘,No,Airbus A321,0,BR 156,商務艙,20663,20167,20188.0,1039462.37,20882.25,90,89
2025-03-18,週二,下午3:15,下午班機,TPE,下午6:45,晚間抵達,ICN,長榮航空,1,直達航班。,Non-stop,2 小時 30 分鐘,No,Airbus A330,1,BR 160,商務艙,20216,20167,20188.0,1728.16,20182.0,90,89
2025-03-18,週二,下午3:45,下午班機,TPE,晚上7:15,晚間抵達,ICN,中華航空,2,直達航班。,Non-stop,2 小時 30 分鐘,No,Airbus A330,1,CI 162,商務艙,18376,17337,18658.0,253766.63,18465.75,52,89
2025-03-18,週二,下午5:10,下午班機,TPE,晚上8:30,晚間抵達,ICN,韓亞航空,1,直達航班。,Non-stop,2 小時 20 分鐘,No,Airbus A330,1,OZ 714,商務艙,14769,13103,15225.0,1682736.14,15597.0,68,89
2025-03-18,週二,中午12:25,下午班機,TPE,下午3:50,下午抵達,ICN,大韓航空,2,直達航班。,Non-stop,2 小時 25 分鐘,No,Boeing 787-10,1,KE 186,商務艙,18210,16681,17523.0,1414410.47,17577.0,90,89
2025-03-18,週二,晚上7:25,晚間班機,TPE,晚上10:55,晚間抵達,ICN,大韓航空,2,直達航班。,Non-stop,2 小時 30 分鐘,No,Airbus A330,1,KE 188,商務艙,17590,16609,17354.5,1967082.58,17347.0,31,86
2025-03-18,週二,清晨7:05,早晨班機,TPE,上午10:30,上午抵達,ICN,長榮航空,1,直達航班。,Non-stop,2 小時 25 分鐘,No,Airbus A330,1,BR 170,商務艙,20216,20167,20188.0,1728.16,20220.75,90,89
2025-03-18,週二,清晨7:55,早晨班機,TPE,上午11:20,上午抵達,ICN,中華航空,2,直達航班。,Non-stop,2 小時 25 分鐘,No,Airbus A330,1,CI 160,商務艙,18539,17909,18658.0,63505.06,18585.75,52,89
2025-03-19,週三,上午9:30,上午班機,TPE,下午1:00,下午抵達,ICN,長榮航空,1,直達航班。,Non-stop,2 小時 30 分鐘,No,Boeing 787,1,BR 154,商務艙,21202,20167,20188.0,4534634.21,20184.0,91,89
2025-03-19,週三,下午1:40,下午班機,TPE,下午5:00,下午抵達,ICN,韓亞航空,1,直達航班。,Non-stop,2 小時 20 分鐘,No,Airbus A380,2,OZ 712,商務艙,14741,13103,15225.0,1720940.06,15207.0,69,90
2025-03-19,週三,下午3:15,下午班機,TPE,下午6:45,晚間抵達,ICN,長榮航空,1,直達航班。,Non-stop,2 小時 30 分鐘,No,Boeing 787-10,1,BR 160,商務艙,20217,20167,20188.0,1722.93,20242.75,91,90
2025-03-19,週三,下午3:45,下午班機,TSA,晚上7:15,晚間抵達,GMP,長榮航空,1,直達航班。,Non-stop,2 小時 30 分鐘,No,Airbus A321,0,BR 156,商務艙,20247,20167,20188.0,83114.93,20225.25,91,89
2025-03-19,週三,下午3:45,下午班機,TPE,晚上7:15,晚間抵達,ICN,中華航空,2,直達航班。,Non-stop,2 小時 30 分鐘,No,Airbus A330,1,CI 162,商務艙,18359,17337,18658.0,268552.52,17870.0,53,90
2025-03-19,週三,下午5:10,下午班機,TPE,晚上8:30,晚間抵達,ICN,韓亞航空,1,直達航班。,Non-stop,2 小時 20 分鐘,No,Airbus A330,1,OZ 714,商務艙,15227,13103,15228.0,1729976.47,14536.5,54,90
2025-03-19,週三,中午12:25,下午班機,TPE,下午3:50,下午抵達,ICN,大韓航空,2,直達航班。,Non-stop,2 小時 25 分鐘,No,Boeing 787-10,1,KE 186,商務艙,17144,16528,16686.0,1905679.23,16589.25,40,90
2025-03-19,週三,晚上7:25,晚間班機,TPE,晚上10:55,晚間抵達,ICN,大韓航空,2,直達航班。,Non-stop,2 小時 30 分鐘,No,Airbus A330,1,KE 188,商務艙,16828,16528,16686.0,375522.22,16626.5,40,85
2025-03-19,週三,清晨7:05,早晨班機,TPE,上午10:30,上午抵達,ICN,長榮航空,1,直達航班。,Non-stop,2 小時 25 分鐘,No,Airbus A330,1,BR 170,商務艙,20287,20167,20188.0,33683.17,20432.5,91,90
2025-03-19,週三,清晨7:55,早晨班機,TPE,上午11:20,上午抵達,ICN,中華航空,2,直達航班。,Non-stop,2 小時 25 分鐘,No,Airbus A330,1,CI 160,商務艙,18527,17909,18658.0,70248.26,18402.5,53,90
2025-03-20,週四,上午9:20,上午班機,TSA,中午12:45,下午抵達,GMP,中華航空,2,直達航班。,Non-stop,2 小時 25 分鐘,No,Boeing 737,0,CI 260,商務艙,21270,18481,20268.0,4261108.37,19003.75,53,87
2025-03-20,週四,下午1:40,下午班機,TPE,下午5:00,下午抵達,ICN,韓亞航空,1,直達航班。,Non-stop,2 小時 20 分鐘,No,Airbus A380,2,OZ 712,商務艙,14876,13103,15225.5,2939934.11,15227.75,70,90
2025-03-20,週四,下午3:15,下午班機,TPE,下午6:45,晚間抵達,ICN,長榮航空,1,直達航班。,Non-stop,2 小時 30 分鐘,No,Airbus A330,1,BR 160,商務艙,20217,20167,20188.0,1716.06,20226.25,91,90
2025-03-20,週四,下午3:45,下午班機,TPE,晚上7:15,晚間抵達,ICN,中華航空,2,直達航班。,Non-stop,2 小時 30 分鐘,No,Airbus A330,1,CI 162,商務艙,18371,17337,18658.0,264942.83,18659.25,54,90
2025-03-20,週四,下午5:10,下午班機,TPE,晚上8:30,晚間抵達,ICN,韓亞航空,1,直達航班。,Non-stop,2 小時 20 分鐘,No,Airbus A330,1,OZ 714,商務艙,15187,13103,15228.0,1754728.31,15457.0,56,90
2025-03-20,週四,中午12:25,下午班機,TPE,下午3:50,下午抵達,ICN,大韓航空,2,直達航班。,Non-stop,2 小時 25 分鐘,No,Boeing 787-10,1,KE 186,商務艙,17149,16529,16686.0,1513721.73,17348.75,47,90
2025-03-20,週四,晚上7:25,晚間班機,TPE,晚上10:55,晚間抵達,ICN,大韓航空,2,直達航班。,Non-stop,2 小時 30 分鐘,No,Boeing 787,1,KE 188,商務艙,16649,16528,16647.0,9778.96,16647.5,41,90
2025-03-20,週四,清晨7:05,早晨班機,TPE,上午10:30,上午抵達,ICN,長榮航空,1,直達航班。,Non-stop,2 小時 25 分鐘,No,Airbus A330,1,BR 170,商務艙,20715,20167,20188.0,2624128.1,20223.75,91,89
2025-03-20,週四,清晨7:55,早晨班機,TPE,上午11:20,上午抵達,ICN,中華航空,2,直達航班。,Non-stop,2 小時 25 分鐘,No,Airbus A330,1,CI 160,商務艙,18662,17909,18658.0,335896.76,19173.75,54,90
2025-03-21,週五,上午9:30,上午班機,TPE,下午1:00,下午抵達,ICN,長榮航空,1,直達航班。,Non-stop,2 小時 30 分鐘,No,Boeing 777,1,BR 154,商務艙,20228,20169,20189.0,6569.49,20221.5,91,89
2025-03-21,週五,下午1:40,下午班機,TPE,下午5:00,下午抵達,ICN,韓亞航空,1,直達航班。,Non-stop,2 小時 20 分鐘,No,Airbus A380,2,OZ 712,商務艙,14795,13103,15226.0,1976983.73,15495.5,71,90
2025-03-21,週五,下午3:15,下午班機,TPE,下午6:45,晚間抵達,ICN,長榮航空,1,直達航班。,Non-stop,2 小時 30 分鐘,No,Boeing 787,1,BR 160,商務艙,20218,20169,20188.5,1717.07,20203.25,91,90
2025-03-21,週五,下午3:45,下午班機,TPE,晚上7:15,晚間抵達,ICN,中華航空,2,直達航班。,Non-stop,2 小時 30 分鐘,No,Airbus A330,1,CI 162,商務艙,18370,17337,18658.0,264264.94,18657.5,55,90
2025-03-21,週五,下午5:10,下午班機,TPE,晚上8:30,晚間抵達,ICN,韓亞航空,1,直達航班。,Non-stop,2 小時 20 分鐘,No,Airbus A330,1,OZ 714,商務艙,15542,13103,15228.0,1249625.69,15065.5,57,90
2025-03-21,週五,中午12:25,下午班機,TPE,下午3:50,下午抵達,ICN,大韓航空,2,直達航班。,Non-stop,2 小時 25 分鐘,No,Boeing 787-10,1,KE 186,商務艙,17091,16529,16686.0,1514390.1,18119.25,48,81
2025-03-21,週五,晚上7:25,晚間班機,TPE,晚上10:55,晚間抵達,ICN,大韓航空,2,直達航班。,Non-stop,2 小時 30 分鐘,No,Airbus A330,1,KE 188,商務艙,16639,16528,16613.0,2681.55,16609.25,42,90
2025-03-21,週五,清晨7:05,早晨班機,TPE,上午10:30,上午抵達,ICN,長榮航空,1,直達航班。,Non-stop,2 小時 25 分鐘,No,Airbus A330,1,BR 170,商務艙,20260,20169,20188.5,22030.99,20239.0,91,90
2025-03-21,週五,清晨7:55,早晨班機,TPE,上午11:20,上午抵達,ICN,中華航空,2,直達航班。,Non-stop,2 小時 25 分鐘,No,Airbus A330,1,CI 160,商務艙,18531,17909,18658.0,69664.12,18619.0,55,90
