出發日期,星期,出發時間,出發時段,出發機場代號,抵達時間,抵達時段,抵達機場代號,航空公司,航空聯盟,停靠站數量,停留時間,飛行時間,是否過夜,機型,機型分類,航班代碼,艙等,平均價格,最低價格,中位數價格,價格變異,隨機購買平均價格,最低價格剩餘天數,筆數
2025-01-20,星期一,上午8:20,早晨班機,TPE,下午1:05,下午抵達,SIN,中華航空,2,直達航班。,Non-stop,4 小時 45 分鐘,No,Airbus A350,1,CI 753,經濟艙,8233,5575,6879.0,7311847.04,6477.0,75,91
2025-01-20,星期一,上午8:45,早晨班機,TPE,下午1:25,下午抵達,SIN,星宇航空,0,直達航班。,Non-stop,4 小時 40 分鐘,No,Airbus A321neo,0,JX 771,經濟艙,10149,6229,10010.0,16957205.2,9092.25,75,91
2025-01-20,星期一,上午9:35,上午班機,TPE,下午2:30,下午抵達,SIN,長榮航空,1,直達航班。,Non-stop,4 小時 55 分鐘,No,Boeing 777,1,BR 215,經濟艙,9212,6251,9297.0,7054017.76,8298.0,79,89
2025-01-20,星期一,下午2:10,下午班機,TPE,下午6:55,晚間抵達,SIN,新加坡航空,1,直達航班。,Non-stop,4 小時 45 分鐘,No,Boeing 787,1,SQ 877,經濟艙,12182,9109,10005.0,36015122.21,11012.0,75,72
2025-01-20,星期一,下午4:10,下午班機,TPE,晚上8:55,晚間抵達,SIN,酷航,4,直達航班。,Non-stop,4 小時 45 分鐘,No,Boeing 787,1,TR 899,經濟艙,7360,4398,6438.0,5049459.5,6438.0,28,89
2025-01-20,星期一,下午5:35,下午班機,TPE,晚上10:20,晚間抵達,SIN,新加坡航空,1,直達航班。,Non-stop,4 小時 45 分鐘,No,Boeing 787,1,SQ 879,經濟艙,11270,9109,10008.0,6579431.53,12421.5,75,77
2025-01-20,星期一,凌晨12:20,凌晨班機,TPE,清晨5:05,凌晨抵達,SIN,酷航,4,直達航班。,Non-stop,4 小時 45 分鐘,No,Airbus A321neo,0,TR 875,經濟艙,6543,4398,6438.0,563380.76,5745.5,28,91
2025-01-20,星期一,凌晨1:30,凌晨班機,TPE,清晨6:15,早晨抵達,SIN,酷航,4,直達航班。,Non-stop,4 小時 45 分鐘,No,Boeing 787,1,TR 897,經濟艙,6433,4398,6438.0,1499856.39,6493.0,39,91
2025-01-20,星期一,晚上7:55,晚間班機,TPE,"凌晨12:40 (星期二, 1月 21)",凌晨抵達,SIN,中華航空,2,直達航班。,Non-stop,4 小時 45 分鐘,No,Airbus A330,1,CI 755,經濟艙,8268,5173,6774.0,10903329.44,9092.0,75,91
2025-01-20,星期一,清晨7:25,早晨班機,TPE,中午12:05,下午抵達,SIN,長榮航空,1,直達航班。,Non-stop,4 小時 40 分鐘,No,Boeing 777,1,BR 225,經濟艙,9096,5647,7623.0,8296299.15,10073.5,76,90
2025-01-21,星期二,上午8:20,早晨班機,TPE,下午1:05,下午抵達,SIN,中華航空,2,直達航班。,Non-stop,4 小時 45 分鐘,No,Airbus A350,1,CI 753,經濟艙,16023,5581,15212.5,32220039.77,18380.5,90,88
2025-01-21,星期二,上午8:45,早晨班機,TPE,下午1:25,下午抵達,SIN,星宇航空,0,直達航班。,Non-stop,4 小時 40 分鐘,No,Airbus A321neo,0,JX 771,經濟艙,14408,5165,15199.0,4784411.27,14747.5,90,81
2025-01-21,星期二,上午9:35,上午班機,TPE,下午2:30,下午抵達,SIN,長榮航空,1,直達航班。,Non-stop,4 小時 55 分鐘,No,Boeing 777,1,BR 215,經濟艙,15531,10280,13284.0,31495704.89,18034.25,80,78
2025-01-21,星期二,下午2:10,下午班機,TPE,下午6:55,晚間抵達,SIN,新加坡航空,1,直達航班。,Non-stop,4 小時 45 分鐘,No,Boeing 787,1,SQ 877,經濟艙,13631,9998,15606.0,5419390.41,12781.5,91,39
2025-01-21,星期二,下午4:10,下午班機,TPE,晚上8:55,晚間抵達,SIN,酷航,4,直達航班。,Non-stop,4 小時 45 分鐘,No,Boeing 787,1,TR 899,經濟艙,7855,4998,8288.0,658811.6,7825.5,90,91
2025-01-21,星期二,下午5:35,下午班機,TPE,晚上10:20,晚間抵達,SIN,新加坡航空,1,直達航班。,Non-stop,4 小時 45 分鐘,No,Boeing 787,1,SQ 879,經濟艙,11939,9109,10992.0,7675911.63,11453.25,76,61
2025-01-21,星期二,凌晨12:20,凌晨班機,TPE,清晨5:05,凌晨抵達,SIN,酷航,4,直達航班。,Non-stop,4 小時 45 分鐘,No,Airbus A321neo,0,TR 875,經濟艙,7086,3798,7288.0,638342.71,7538.0,90,91
2025-01-21,星期二,凌晨1:30,凌晨班機,TPE,清晨6:15,早晨抵達,SIN,酷航,4,直達航班。,Non-stop,4 小時 45 分鐘,No,Boeing 787,1,TR 897,經濟艙,8172,4398,8288.0,2167075.7,7828.0,90,91
2025-01-21,星期二,晚上10:20,晚間班機,TPE,"凌晨3:05 (星期三, 1月 22)",凌晨抵達,SIN,酷航,4,直達航班。,Non-stop,4 小時 45 分鐘,No,Boeing 787,1,TR 893,經濟艙,6945,4998,6438.0,555531.75,6650.5,90,91
2025-01-21,星期二,晚上7:55,晚間班機,TPE,"凌晨12:40 (星期三, 1月 22)",凌晨抵達,SIN,中華航空,2,直達航班。,Non-stop,4 小時 45 分鐘,No,Airbus A330,1,CI 755,經濟艙,9567,5174,9376.0,9806294.87,5785.0,75,91
2025-01-21,星期二,清晨7:25,早晨班機,TPE,中午12:05,下午抵達,SIN,長榮航空,1,直達航班。,Non-stop,4 小時 40 分鐘,No,Boeing 777,1,BR 225,經濟艙,13155,5651,12656.5,19923639.67,13553.75,90,80
2025-01-22,星期三,上午8:20,早晨班機,TPE,下午1:05,下午抵達,SIN,中華航空,2,直達航班。,Non-stop,4 小時 45 分鐘,No,Airbus A350,1,CI 753,經濟艙,15884,5583,15183.0,34760429.92,16887.75,88,79
2025-01-22,星期三,上午8:45,早晨班機,TPE,下午1:25,下午抵達,SIN,星宇航空,0,直達航班。,Non-stop,4 小時 40 分鐘,No,Airbus A321neo,0,JX 771,經濟艙,14790,5166,15203.0,3795065.1,15187.0,88,68
2025-01-22,星期三,上午9:35,上午班機,TPE,下午2:30,下午抵達,SIN,長榮航空,1,直達航班。,Non-stop,4 小時 55 分鐘,No,Boeing 777,1,BR 215,經濟艙,14083,6257,13487.0,8019047.75,13416.5,88,57
2025-01-22,星期三,下午4:10,下午班機,TPE,晚上8:55,晚間抵達,SIN,酷航,4,直達航班。,Non-stop,4 小時 45 分鐘,No,Boeing 787,1,TR 899,經濟艙,9249,4398,9588.0,5667953.01,7965.5,88,86
2025-01-22,星期三,下午5:35,下午班機,TPE,晚上10:20,晚間抵達,SIN,新加坡航空,1,直達航班。,Non-stop,4 小時 45 分鐘,No,Boeing 787,1,SQ 879,經濟艙,17156,8030,15610.0,44177160.28,19821.0,88,40
2025-01-22,星期三,凌晨12:20,凌晨班機,TPE,清晨5:05,凌晨抵達,SIN,酷航,4,直達航班。,Non-stop,4 小時 45 分鐘,No,Airbus A321neo,0,TR 875,經濟艙,8089,3798,8288.0,1970698.78,8938.0,88,91
2025-01-22,星期三,凌晨1:30,凌晨班機,TPE,清晨6:15,早晨抵達,SIN,酷航,4,直達航班。,Non-stop,4 小時 45 分鐘,No,Boeing 787,1,TR 897,經濟艙,8395,3798,8288.0,2274591.14,7643.0,85,89
2025-01-22,星期三,晚上7:55,晚間班機,TPE,"凌晨12:40 (星期四, 1月 23)",凌晨抵達,SIN,中華航空,2,直達航班。,Non-stop,4 小時 45 分鐘,No,Airbus A330,1,CI 755,經濟艙,12722,5181,13333.0,28276732.53,16034.75,88,80
2025-01-22,星期三,清晨7:25,早晨班機,TPE,中午12:05,下午抵達,SIN,長榮航空,1,直達航班。,Non-stop,4 小時 40 分鐘,No,Boeing 777,1,BR 225,經濟艙,13302,5653,12801.0,6216658.49,12392.5,88,63
2025-01-23,星期四,上午8:20,早晨班機,TPE,下午1:05,下午抵達,SIN,中華航空,2,直達航班。,Non-stop,4 小時 45 分鐘,No,Airbus A350,1,CI 753,經濟艙,21999,5583,27483.0,51398298.52,21373.75,86,67
2025-01-23,星期四,上午8:45,早晨班機,TPE,下午1:25,下午抵達,SIN,星宇航空,0,直達航班。,Non-stop,4 小時 40 分鐘,No,Airbus A321neo,0,JX 771,經濟艙,21307,5166,18478.0,71424824.28,27853.5,86,72
2025-01-23,星期四,上午9:35,上午班機,TPE,下午2:30,下午抵達,SIN,長榮航空,1,直達航班。,Non-stop,4 小時 55 分鐘,No,Boeing 777,1,BR 215,經濟艙,20007,13458,17327.0,43504345.74,19150.25,78,48
2025-01-23,星期四,下午4:10,下午班機,TPE,晚上8:55,晚間抵達,SIN,酷航,4,直達航班。,Non-stop,4 小時 45 分鐘,No,Boeing 787,1,TR 899,經濟艙,11167,4998,11288.0,9554187.73,10825.5,86,77
2025-01-23,星期四,凌晨12:20,凌晨班機,TPE,凌晨4:55,凌晨抵達,SIN,酷航,4,直達航班。,Non-stop,4 小時 35 分鐘,No,Airbus A321neo,0,TR 875,經濟艙,10322,4398,11288.0,3457759.04,10288.0,86,88
2025-01-23,星期四,凌晨1:30,凌晨班機,TPE,清晨6:15,早晨抵達,SIN,酷航,4,直達航班。,Non-stop,4 小時 45 分鐘,No,Boeing 787,1,TR 897,經濟艙,10320,3798,11288.0,3360004.27,10863.0,86,88
2025-01-23,星期四,晚上10:20,晚間班機,TPE,"凌晨3:05 (星期五, 1月 24)",凌晨抵達,SIN,酷航,4,直達航班。,Non-stop,4 小時 45 分鐘,No,Boeing 787,1,TR 893,經濟艙,10469,4398,11288.0,6271391.51,11288.0,86,81
2025-01-23,星期四,晚上7:55,晚間班機,TPE,"凌晨12:40 (星期五, 1月 24)",凌晨抵達,SIN,中華航空,2,直達航班。,Non-stop,4 小時 45 分鐘,No,Airbus A330,1,CI 755,經濟艙,19802,6182,18918.0,57615760.59,20974.5,86,69
2025-01-23,星期四,清晨7:25,早晨班機,TPE,中午12:05,下午抵達,SIN,長榮航空,1,直達航班。,Non-stop,4 小時 40 分鐘,No,Boeing 777,1,BR 225,經濟艙,17334,5653,15471.5,32044704.42,18290.0,86,56
2025-01-24,星期五,上午8:20,早晨班機,TPE,下午1:05,下午抵達,SIN,中華航空,2,直達航班。,Non-stop,4 小時 45 分鐘,No,Airbus A350,1,CI 753,經濟艙,23070,5583,18609.0,92029475.34,33004.5,91,47
2025-01-24,星期五,上午8:45,早晨班機,TPE,下午1:25,下午抵達,SIN,星宇航空,0,直達航班。,Non-stop,4 小時 40 分鐘,No,Airbus A321neo,0,JX 771,經濟艙,23604,5166,18552.5,78599883.81,18975.75,87,40
2025-01-24,星期五,下午4:10,下午班機,TPE,晚上8:55,晚間抵達,SIN,酷航,4,直達航班。,Non-stop,4 小時 45 分鐘,No,Boeing 787,1,TR 899,經濟艙,13558,4998,14288.0,6016524.04,14288.0,91,55
2025-01-24,星期五,晚上7:55,晚間班機,TPE,"凌晨12:40 (星期六, 1月 25)",凌晨抵達,SIN,中華航空,2,直達航班。,Non-stop,4 小時 45 分鐘,No,Airbus A330,1,CI 755,經濟艙,20339,5181,18605.0,88555755.4,17895.5,91,54
2025-01-25,星期六,上午8:45,早晨班機,TPE,下午1:25,下午抵達,SIN,星宇航空,0,直達航班。,Non-stop,4 小時 40 分鐘,No,Airbus A321neo,0,JX 771,經濟艙,19261,5166,20434.0,10444474.09,20405.5,91,38
2025-01-25,星期六,上午9:35,上午班機,TPE,下午2:30,下午抵達,SIN,長榮航空,1,直達航班。,Non-stop,4 小時 55 分鐘,No,Boeing 777,1,BR 215,經濟艙,26694,6257,33304.0,78364343.64,25279.25,91,42
2025-01-25,星期六,下午4:10,下午班機,TPE,晚上8:55,晚間抵達,SIN,酷航,4,直達航班。,Non-stop,4 小時 45 分鐘,No,Boeing 787,1,TR 899,經濟艙,13426,4398,14288.0,3677114.25,13538.0,91,71
2025-01-25,星期六,凌晨12:20,凌晨班機,TPE,凌晨4:55,凌晨抵達,SIN,酷航,4,直達航班。,Non-stop,4 小時 35 分鐘,No,Airbus A321neo,0,TR 875,經濟艙,13939,3798,14288.0,3162024.65,14288.0,91,67
2025-01-25,星期六,凌晨1:30,凌晨班機,TPE,清晨6:15,早晨抵達,SIN,酷航,4,直達航班。,Non-stop,4 小時 45 分鐘,No,Boeing 787,1,TR 897,經濟艙,14288,14288,14288.0,0.0,14288.0,90,63
2025-01-25,星期六,晚上10:20,晚間班機,TPE,"凌晨3:05 (星期日, 1月 26)",凌晨抵達,SIN,酷航,4,直達航班。,Non-stop,4 小時 45 分鐘,No,Boeing 787,1,TR 893,經濟艙,12866,4998,14288.0,4591084.33,13538.0,89,72
2025-01-25,星期六,晚上7:55,晚間班機,TPE,"凌晨12:40 (星期日, 1月 26)",凌晨抵達,SIN,中華航空,2,直達航班。,Non-stop,4 小時 45 分鐘,No,Airbus A330,1,CI 755,經濟艙,16188,5181,18716.0,16772338.9,16823.0,91,72
2025-01-26,星期日,上午8:20,早晨班機,TPE,下午1:05,下午抵達,SIN,中華航空,2,直達航班。,Non-stop,4 小時 45 分鐘,No,Airbus A350,1,CI 753,經濟艙,20680,5583,19038.0,30641744.91,22489.0,89,57
2025-01-26,星期日,上午8:45,早晨班機,TPE,下午1:25,下午抵達,SIN,星宇航空,0,直達航班。,Non-stop,4 小時 40 分鐘,No,Airbus A321neo,0,JX 771,經濟艙,18585,5166,20184.5,16330953.54,16027.5,89,80
2025-01-26,星期日,上午9:35,上午班機,TPE,下午2:30,下午抵達,SIN,長榮航空,1,直達航班。,Non-stop,4 小時 55 分鐘,No,Boeing 777,1,BR 215,經濟艙,18116,6915,18711.0,3797502.42,19120.0,91,58
2025-01-26,星期日,下午4:10,下午班機,TPE,晚上8:55,晚間抵達,SIN,酷航,4,直達航班。,Non-stop,4 小時 45 分鐘,No,Boeing 787,1,TR 899,經濟艙,10356,4998,9588.0,4414051.0,12363.0,91,86
2025-01-26,星期日,晚上10:20,晚間班機,TPE,"凌晨3:05 (星期一, 1月 27)",凌晨抵達,SIN,酷航,4,直達航班。,Non-stop,4 小時 45 分鐘,No,Boeing 787,1,TR 893,經濟艙,8293,4398,8288.0,3641602.98,8150.5,89,91
2025-01-26,星期日,晚上7:55,晚間班機,TPE,"凌晨12:40 (星期一, 1月 27)",凌晨抵達,SIN,中華航空,2,直達航班。,Non-stop,4 小時 45 分鐘,No,Airbus A330,1,CI 755,經濟艙,12927,5181,12408.0,13914897.59,13040.75,91,91
2025-01-26,星期日,清晨7:25,早晨班機,TPE,中午12:05,下午抵達,SIN,長榮航空,1,直達航班。,Non-stop,4 小時 40 分鐘,No,Boeing 777,1,BR 225,經濟艙,18795,5653,18710.0,20674351.55,18658.0,89,61
2025-01-27,星期一,上午8:20,早晨班機,TPE,下午1:05,下午抵達,SIN,中華航空,2,直達航班。,Non-stop,4 小時 45 分鐘,No,Airbus A350,1,CI 753,經濟艙,15561,5583,16324.0,11290077.3,18376.25,90,91
2025-01-27,星期一,上午8:45,早晨班機,TPE,下午1:25,下午抵達,SIN,星宇航空,0,直達航班。,Non-stop,4 小時 40 分鐘,No,Airbus A321neo,0,JX 771,經濟艙,14322,5166,14200.0,4083225.39,13709.0,90,91
2025-01-27,星期一,上午9:35,上午班機,TPE,下午2:30,下午抵達,SIN,長榮航空,1,直達航班。,Non-stop,4 小時 55 分鐘,No,Boeing 777,1,BR 215,經濟艙,15972,6915,15978.0,4809492.15,16602.5,91,83
2025-01-27,星期一,下午2:10,下午班機,TPE,下午6:55,晚間抵達,SIN,新加坡航空,1,直達航班。,Non-stop,4 小時 45 分鐘,No,Boeing 787,1,SQ 877,經濟艙,15339,9113,15329.0,4106726.43,14653.75,91,36
2025-01-27,星期一,下午4:10,下午班機,TPE,晚上8:55,晚間抵達,SIN,酷航,4,直達航班。,Non-stop,4 小時 45 分鐘,No,Boeing 787,1,TR 899,經濟艙,7272,4998,7288.0,516480.32,7113.0,91,91
2025-01-27,星期一,下午5:35,下午班機,TPE,晚上10:20,晚間抵達,SIN,新加坡航空,1,直達航班。,Non-stop,4 小時 45 分鐘,No,Boeing 787,1,SQ 879,經濟艙,19153,9113,17287.0,67116358.27,23564.5,91,80
2025-01-27,星期一,凌晨12:20,凌晨班機,TPE,清晨5:05,凌晨抵達,SIN,酷航,4,直達航班。,Non-stop,4 小時 45 分鐘,No,Airbus A321neo,0,TR 875,經濟艙,7150,4398,7288.0,916974.48,6353.0,91,91
2025-01-27,星期一,凌晨1:30,凌晨班機,TPE,清晨6:15,早晨抵達,SIN,酷航,4,直達航班。,Non-stop,4 小時 45 分鐘,No,Boeing 787,1,TR 897,經濟艙,7189,3798,7288.0,1534730.79,6863.0,90,90
2025-01-27,星期一,晚上7:55,晚間班機,TPE,"凌晨12:40 (星期二, 1月 28)",凌晨抵達,SIN,中華航空,2,直達航班。,Non-stop,4 小時 45 分鐘,No,Airbus A330,1,CI 755,經濟艙,9339,5181,8921.0,2553699.68,9376.0,91,91
2025-01-27,星期一,清晨7:25,早晨班機,TPE,中午12:05,下午抵達,SIN,長榮航空,1,直達航班。,Non-stop,4 小時 40 分鐘,No,Boeing 777,1,BR 225,經濟艙,14586,5653,15774.0,7579035.51,13402.75,90,91
2025-01-28,星期二,上午8:20,早晨班機,TPE,下午1:05,下午抵達,SIN,中華航空,2,直達航班。,Non-stop,4 小時 45 分鐘,No,Airbus A350,1,CI 753,經濟艙,12222,5583,11547.0,2311459.62,12809.75,91,91
2025-01-28,星期二,上午8:45,早晨班機,TPE,下午1:25,下午抵達,SIN,星宇航空,0,直達航班。,Non-stop,4 小時 40 分鐘,No,Airbus A321neo,0,JX 771,經濟艙,11197,5166,10326.0,4345869.78,11739.5,91,91
2025-01-28,星期二,上午9:35,上午班機,TPE,下午2:30,下午抵達,SIN,長榮航空,1,直達航班。,Non-stop,4 小時 55 分鐘,No,Boeing 777,1,BR 215,經濟艙,10707,8968,10654.0,914591.97,10809.5,5,91
2025-01-28,星期二,下午2:10,下午班機,TPE,下午6:55,晚間抵達,SIN,新加坡航空,1,直達航班。,Non-stop,4 小時 45 分鐘,No,Boeing 787,1,SQ 877,經濟艙,10664,10585,10599.0,283236.03,10590.5,83,91
2025-01-28,星期二,下午4:10,下午班機,TPE,晚上8:55,晚間抵達,SIN,酷航,4,直達航班。,Non-stop,4 小時 45 分鐘,No,Boeing 787,1,TR 899,經濟艙,5786,4398,5698.0,697896.7,6105.5,40,91
2025-01-28,星期二,下午5:35,下午班機,TPE,晚上10:20,晚間抵達,SIN,新加坡航空,1,直達航班。,Non-stop,4 小時 45 分鐘,No,Boeing 787,1,SQ 879,經濟艙,10654,10585,10599.0,275633.46,10597.25,83,91
2025-01-28,星期二,凌晨12:20,凌晨班機,TPE,清晨5:05,凌晨抵達,SIN,酷航,4,直達航班。,Non-stop,4 小時 45 分鐘,No,Airbus A321neo,0,TR 875,經濟艙,5911,3798,5698.0,1452095.7,6180.5,90,91
2025-01-28,星期二,凌晨1:30,凌晨班機,TPE,清晨6:15,早晨抵達,SIN,酷航,4,直達航班。,Non-stop,4 小時 45 分鐘,No,Boeing 787,1,TR 897,經濟艙,5685,3798,5698.0,221664.59,5698.0,91,91
2025-01-28,星期二,晚上10:20,晚間班機,TPE,"凌晨3:05 (星期三, 1月 29)",凌晨抵達,SIN,酷航,4,直達航班。,Non-stop,4 小時 45 分鐘,No,Boeing 787,1,TR 893,經濟艙,4542,3298,4398.0,426257.0,4248.0,90,91
2025-01-28,星期二,晚上7:55,晚間班機,TPE,"凌晨12:40 (星期三, 1月 29)",凌晨抵達,SIN,中華航空,2,直達航班。,Non-stop,4 小時 45 分鐘,No,Airbus A330,1,CI 755,經濟艙,7818,6182,7879.0,36792.65,7830.5,91,91
2025-01-28,星期二,清晨7:25,早晨班機,TPE,中午12:05,下午抵達,SIN,長榮航空,1,直達航班。,Non-stop,4 小時 40 分鐘,No,Boeing 777,1,BR 225,經濟艙,10807,5653,10680.0,912082.58,10915.5,91,91
2025-01-29,星期三,上午8:20,早晨班機,TPE,下午1:05,下午抵達,SIN,中華航空,2,直達航班。,Non-stop,4 小時 45 分鐘,No,Airbus A350,1,CI 753,經濟艙,19082,18411,18998.0,2174265.54,19029.5,53,91
2025-01-29,星期三,上午8:45,早晨班機,TPE,下午1:25,下午抵達,SIN,星宇航空,0,直達航班。,Non-stop,4 小時 40 分鐘,No,Airbus A321neo,0,JX 771,經濟艙,17437,12277,17858.0,7986561.21,19738.75,6,91
2025-01-29,星期三,上午9:35,上午班機,TPE,下午2:30,下午抵達,SIN,長榮航空,1,直達航班。,Non-stop,4 小時 55 分鐘,No,Boeing 777,1,BR 215,經濟艙,17438,12849,18429.0,1925054.02,17283.75,1,91
2025-01-29,星期三,下午2:10,下午班機,TPE,下午6:55,晚間抵達,SIN,新加坡航空,1,直達航班。,Non-stop,4 小時 45 分鐘,No,Boeing 787,1,SQ 877,經濟艙,13925,10602,13448.0,7336828.23,14386.25,6,91
2025-01-29,星期三,下午4:10,下午班機,TPE,晚上8:55,晚間抵達,SIN,酷航,4,直達航班。,Non-stop,4 小時 45 分鐘,No,Boeing 787,1,TR 899,經濟艙,5828,4998,5698.0,293141.0,5708.0,91,91
2025-01-29,星期三,下午5:35,下午班機,TPE,晚上10:20,晚間抵達,SIN,新加坡航空,1,直達航班。,Non-stop,4 小時 45 分鐘,No,Boeing 787,1,SQ 879,經濟艙,10776,10585,10603.0,125323.64,10819.25,84,91
2025-01-29,星期三,凌晨12:20,凌晨班機,TPE,清晨5:05,凌晨抵達,SIN,酷航,4,直達航班。,Non-stop,4 小時 45 分鐘,No,Airbus A321neo,0,TR 875,經濟艙,5477,4398,5698.0,372063.49,5173.0,41,91
2025-01-29,星期三,凌晨1:30,凌晨班機,TPE,清晨6:15,早晨抵達,SIN,酷航,4,直達航班。,Non-stop,4 小時 45 分鐘,No,Boeing 787,1,TR 897,經濟艙,5661,4398,5698.0,1238231.23,5558.0,88,91
2025-01-29,星期三,晚上7:55,晚間班機,TPE,"凌晨12:40 (星期四, 1月 30)",凌晨抵達,SIN,中華航空,2,直達航班。,Non-stop,4 小時 45 分鐘,No,Airbus A330,1,CI 755,經濟艙,7961,7669,7882.0,105302.1,7894.25,53,91
2025-01-29,星期三,清晨7:25,早晨班機,TPE,中午12:05,下午抵達,SIN,長榮航空,1,直達航班。,Non-stop,4 小時 40 分鐘,No,Boeing 777,1,BR 225,經濟艙,16993,12487,18429.0,4494920.98,16573.5,6,91
2025-01-30,星期四,上午8:20,早晨班機,TPE,下午1:05,下午抵達,SIN,中華航空,2,直達航班。,Non-stop,4 小時 45 分鐘,No,Airbus A350,1,CI 753,經濟艙,12022,10590,11547.0,746134.8,11506.0,85,91
2025-01-30,星期四,上午8:45,早晨班機,TPE,下午1:25,下午抵達,SIN,星宇航空,0,直達航班。,Non-stop,4 小時 40 分鐘,No,Airbus A321neo,0,JX 771,經濟艙,10236,8395,10324.0,1400292.14,9785.75,36,91
2025-01-30,星期四,上午9:35,上午班機,TPE,下午2:30,下午抵達,SIN,長榮航空,1,直達航班。,Non-stop,4 小時 55 分鐘,No,Boeing 777,1,BR 215,經濟艙,13927,11129,13559.0,1722591.45,14870.0,7,91
2025-01-30,星期四,下午2:10,下午班機,TPE,下午6:55,晚間抵達,SIN,新加坡航空,1,直達航班。,Non-stop,4 小時 45 分鐘,No,Boeing 787,1,SQ 877,經濟艙,10599,10585,10599.0,31.44,10602.75,85,91
2025-01-30,星期四,下午4:10,下午班機,TPE,晚上8:55,晚間抵達,SIN,酷航,4,直達航班。,Non-stop,4 小時 45 分鐘,No,Boeing 787,1,TR 899,經濟艙,6036,4398,5698.0,1452601.32,5955.5,91,91
2025-01-30,星期四,下午5:35,下午班機,TPE,晚上10:20,晚間抵達,SIN,新加坡航空,1,直達航班。,Non-stop,4 小時 45 分鐘,No,Boeing 787,1,SQ 879,經濟艙,10628,10585,10599.0,25519.0,10603.75,85,91
2025-01-30,星期四,凌晨1:30,凌晨班機,TPE,清晨6:15,早晨抵達,SIN,酷航,4,直達航班。,Non-stop,4 小時 45 分鐘,No,Boeing 787,1,TR 897,經濟艙,5455,4998,5698.0,206926.3,5698.0,89,91
2025-01-30,星期四,晚上10:20,晚間班機,TPE,"凌晨3:05 (星期五, 1月 31)",凌晨抵達,SIN,酷航,4,直達航班。,Non-stop,4 小時 45 分鐘,No,Boeing 787,1,TR 893,經濟艙,4575,3298,4398.0,341572.65,4573.0,86,91
2025-01-30,星期四,晚上7:55,晚間班機,TPE,"凌晨12:40 (星期五, 1月 31)",凌晨抵達,SIN,中華航空,2,直達航班。,Non-stop,4 小時 45 分鐘,No,Airbus A330,1,CI 755,經濟艙,7228,6893,7079.0,161729.94,7045.25,54,91
2025-01-30,星期四,清晨7:25,早晨班機,TPE,中午12:05,下午抵達,SIN,長榮航空,1,直達航班。,Non-stop,4 小時 40 分鐘,No,Boeing 777,1,BR 225,經濟艙,11103,9587,11215.0,1160253.71,10755.25,52,91
2025-01-31,星期五,上午8:20,早晨班機,TPE,下午1:05,下午抵達,SIN,中華航空,2,直達航班。,Non-stop,4 小時 45 分鐘,No,Airbus A350,1,CI 753,經濟艙,12662,9351,13210.0,1519319.61,12348.75,86,91
2025-01-31,星期五,上午8:45,早晨班機,TPE,下午1:25,下午抵達,SIN,星宇航空,0,直達航班。,Non-stop,4 小時 40 分鐘,No,Airbus A321neo,0,JX 771,經濟艙,11226,8795,11323.0,938106.37,11356.5,86,91
2025-01-31,星期五,上午9:35,上午班機,TPE,下午2:30,下午抵達,SIN,長榮航空,1,直達航班。,Non-stop,4 小時 55 分鐘,No,Boeing 777,1,BR 215,經濟艙,11168,6906,11111.0,2368434.23,10666.25,86,91
2025-01-31,星期五,下午2:10,下午班機,TPE,下午6:55,晚間抵達,SIN,新加坡航空,1,直達航班。,Non-stop,4 小時 45 分鐘,No,Boeing 787,1,SQ 877,經濟艙,9454,9109,9126.0,187399.61,9345.0,86,91
2025-01-31,星期五,下午4:10,下午班機,TPE,晚上8:55,晚間抵達,SIN,酷航,4,直達航班。,Non-stop,4 小時 45 分鐘,No,Boeing 787,1,TR 899,經濟艙,5497,4398,4998.0,853486.79,6170.5,90,91
2025-01-31,星期五,下午5:35,下午班機,TPE,晚上10:20,晚間抵達,SIN,新加坡航空,1,直達航班。,Non-stop,4 小時 45 分鐘,No,Boeing 787,1,SQ 879,經濟艙,9211,9109,9123.0,71298.42,9119.25,86,91
2025-01-31,星期五,凌晨12:20,凌晨班機,TPE,清晨5:05,凌晨抵達,SIN,酷航,4,直達航班。,Non-stop,4 小時 45 分鐘,No,Airbus A321neo,0,TR 875,經濟艙,5109,3298,4998.0,523914.14,5198.0,87,91
2025-01-31,星期五,晚上7:55,晚間班機,TPE,"凌晨12:40 (星期六, 2月 1)",凌晨抵達,SIN,中華航空,2,直達航班。,Non-stop,4 小時 45 分鐘,No,Airbus A330,1,CI 755,經濟艙,7496,5174,7041.0,2801560.14,8434.0,85,91
2025-01-31,星期五,清晨7:25,早晨班機,TPE,中午12:05,下午抵達,SIN,長榮航空,1,直達航班。,Non-stop,4 小時 40 分鐘,No,Boeing 777,1,BR 225,經濟艙,11094,6802,10409.0,2699391.42,11516.0,52,91
2025-02-01,星期六,上午8:20,早晨班機,TPE,下午1:05,下午抵達,SIN,中華航空,2,直達航班。,Non-stop,4 小時 45 分鐘,No,Airbus A350,1,CI 753,經濟艙,11624,6816,11062.0,6224932.34,9844.25,91,91
2025-02-01,星期六,上午8:45,早晨班機,TPE,下午1:25,下午抵達,SIN,星宇航空,0,直達航班。,Non-stop,4 小時 40 分鐘,No,Airbus A321neo,0,JX 771,經濟艙,11742,8795,11324.0,3630331.5,14012.0,87,91
2025-02-01,星期六,上午9:35,上午班機,TPE,下午2:30,下午抵達,SIN,長榮航空,1,直達航班。,Non-stop,4 小時 55 分鐘,No,Boeing 777,1,BR 215,經濟艙,15251,6919,13284.0,62804992.58,16263.0,84,91
2025-02-01,星期六,下午2:10,下午班機,TPE,下午6:55,晚間抵達,SIN,新加坡航空,1,直達航班。,Non-stop,4 小時 45 分鐘,No,Boeing 787,1,SQ 877,經濟艙,14348,9109,15811.0,24788678.18,11235.25,87,80
2025-02-01,星期六,下午4:10,下午班機,TPE,晚上8:55,晚間抵達,SIN,酷航,4,直達航班。,Non-stop,4 小時 45 分鐘,No,Boeing 787,1,TR 899,經濟艙,6903,6438,6438.0,386583.03,6863.0,81,91
2025-02-01,星期六,下午5:35,下午班機,TPE,晚上10:20,晚間抵達,SIN,新加坡航空,1,直達航班。,Non-stop,4 小時 45 分鐘,No,Boeing 787,1,SQ 879,經濟艙,12892,8533,12961.0,7457742.48,13160.5,39,82
2025-02-01,星期六,凌晨12:20,凌晨班機,TPE,凌晨4:55,凌晨抵達,SIN,酷航,4,直達航班。,Non-stop,4 小時 35 分鐘,No,Airbus A321neo,0,TR 875,經濟艙,5179,4398,4998.0,112560.55,4998.0,52,90
2025-02-01,星期六,凌晨1:30,凌晨班機,TPE,清晨6:15,早晨抵達,SIN,酷航,4,直達航班。,Non-stop,4 小時 45 分鐘,No,Boeing 787,1,TR 897,經濟艙,4899,3798,4998.0,186403.25,5173.0,90,90
2025-02-01,星期六,晚上10:20,晚間班機,TPE,"凌晨3:05 (星期日, 2月 2)",凌晨抵達,SIN,酷航,4,直達航班。,Non-stop,4 小時 45 分鐘,No,Boeing 787,1,TR 893,經濟艙,5747,4398,5698.0,183056.83,6095.5,4,91
2025-02-01,星期六,晚上7:55,晚間班機,TPE,"凌晨12:40 (星期日, 2月 2)",凌晨抵達,SIN,中華航空,2,直達航班。,Non-stop,4 小時 45 分鐘,No,Airbus A330,1,CI 755,經濟艙,12076,6596,12446.0,8506135.31,10911.0,87,91
2025-02-01,星期六,清晨7:25,早晨班機,TPE,中午12:05,下午抵達,SIN,長榮航空,1,直達航班。,Non-stop,4 小時 40 分鐘,No,Boeing 777,1,BR 225,經濟艙,11610,6251,10237.5,19907123.3,14609.75,88,90
2025-02-02,星期日,上午8:20,早晨班機,TPE,下午1:05,下午抵達,SIN,中華航空,2,直達航班。,Non-stop,4 小時 45 分鐘,No,Airbus A350,1,CI 753,經濟艙,13210,9351,13237.5,5500358.22,14117.25,88,88
2025-02-02,星期日,上午8:45,早晨班機,TPE,下午1:25,下午抵達,SIN,星宇航空,0,直達航班。,Non-stop,4 小時 40 分鐘,No,Airbus A321neo,0,JX 771,經濟艙,13432,9172,15097.0,5212169.51,14791.5,88,85
2025-02-02,星期日,上午9:35,上午班機,TPE,下午2:30,下午抵達,SIN,長榮航空,1,直達航班。,Non-stop,4 小時 55 分鐘,No,Boeing 777,1,BR 215,經濟艙,16386,9404,15283.0,28026939.93,16490.75,88,82
2025-02-02,星期日,下午2:10,下午班機,TPE,下午6:55,晚間抵達,SIN,新加坡航空,1,直達航班。,Non-stop,4 小時 45 分鐘,No,Boeing 787,1,SQ 877,經濟艙,25885,13852,31950.0,63145820.25,28013.0,2,37
2025-02-02,星期日,下午4:10,下午班機,TPE,晚上8:55,晚間抵達,SIN,酷航,4,直達航班。,Non-stop,4 小時 45 分鐘,No,Boeing 787,1,TR 899,經濟艙,9478,6438,8288.0,8178817.03,10438.0,82,89
2025-02-02,星期日,下午5:35,下午班機,TPE,晚上10:20,晚間抵達,SIN,新加坡航空,1,直達航班。,Non-stop,4 小時 45 分鐘,No,Boeing 787,1,SQ 879,經濟艙,21971,10881,15817.0,69603471.15,23511.0,91,67
2025-02-02,星期日,凌晨12:20,凌晨班機,TPE,清晨5:05,凌晨抵達,SIN,酷航,4,直達航班。,Non-stop,4 小時 45 分鐘,No,Airbus A321neo,0,TR 875,經濟艙,6134,4998,6438.0,463671.43,6280.5,91,91
2025-02-02,星期日,凌晨1:30,凌晨班機,TPE,清晨6:15,早晨抵達,SIN,酷航,4,直達航班。,Non-stop,4 小時 45 分鐘,No,Boeing 787,1,TR 897,經濟艙,6315,4398,6438.0,1203393.46,6078.0,91,91
2025-02-02,星期日,晚上10:20,晚間班機,TPE,"凌晨3:05 (星期一, 2月 3)",凌晨抵達,SIN,酷航,4,直達航班。,Non-stop,4 小時 45 分鐘,No,Boeing 787,1,TR 893,經濟艙,5934,4998,5698.0,281263.05,6068.0,89,91
2025-02-02,星期日,晚上7:55,晚間班機,TPE,"凌晨12:40 (星期一, 2月 3)",凌晨抵達,SIN,中華航空,2,直達航班。,Non-stop,4 小時 45 分鐘,No,Airbus A330,1,CI 755,經濟艙,12766,9351,12921.0,4384477.89,13167.25,88,91
2025-02-02,星期日,清晨7:25,早晨班機,TPE,中午12:05,下午抵達,SIN,長榮航空,1,直達航班。,Non-stop,4 小時 40 分鐘,No,Boeing 777,1,BR 225,經濟艙,13671,7518,13314.0,32757964.7,17424.5,46,81
2025-02-03,星期一,上午8:20,早晨班機,TPE,下午1:05,下午抵達,SIN,中華航空,2,直達航班。,Non-stop,4 小時 45 分鐘,No,Airbus A350,1,CI 753,經濟艙,12294,5576,15042.0,17077174.4,9657.25,88,91
2025-02-03,星期一,上午8:45,早晨班機,TPE,下午1:25,下午抵達,SIN,星宇航空,0,直達航班。,Non-stop,4 小時 40 分鐘,No,Airbus A321neo,0,JX 771,經濟艙,11773,7537,10950.0,9114823.42,11167.0,89,89
2025-02-03,星期一,上午9:35,上午班機,TPE,下午2:30,下午抵達,SIN,長榮航空,1,直達航班。,Non-stop,4 小時 55 分鐘,No,Boeing 777,1,BR 215,經濟艙,12697,6251,13279.0,3632818.52,12565.75,91,91
2025-02-03,星期一,下午2:10,下午班機,TPE,下午6:55,晚間抵達,SIN,新加坡航空,1,直達航班。,Non-stop,4 小時 45 分鐘,No,Boeing 787,1,SQ 877,經濟艙,13124,8420,13852.0,8647631.01,10940.75,89,75
2025-02-03,星期一,下午4:10,下午班機,TPE,晚上8:55,晚間抵達,SIN,酷航,4,直達航班。,Non-stop,4 小時 45 分鐘,No,Boeing 787,1,TR 899,經濟艙,6020,3298,6438.0,537657.93,5778.0,7,90
2025-02-03,星期一,下午5:35,下午班機,TPE,晚上10:20,晚間抵達,SIN,新加坡航空,1,直達航班。,Non-stop,4 小時 45 分鐘,No,Boeing 787,1,SQ 879,經濟艙,11957,8420,10991.5,21324075.11,13013.75,89,88
2025-02-03,星期一,凌晨1:30,凌晨班機,TPE,清晨6:15,早晨抵達,SIN,酷航,4,直達航班。,Non-stop,4 小時 45 分鐘,No,Boeing 787,1,TR 897,經濟艙,5288,3298,4998.0,485941.0,5533.0,54,91
2025-02-03,星期一,晚上7:55,晚間班機,TPE,"凌晨12:40 (星期二, 2月 4)",凌晨抵達,SIN,中華航空,2,直達航班。,Non-stop,4 小時 45 分鐘,No,Airbus A330,1,CI 755,經濟艙,8598,5173,9289.0,6002645.23,8652.25,89,91
2025-02-03,星期一,清晨7:25,早晨班機,TPE,中午12:05,下午抵達,SIN,長榮航空,1,直達航班。,Non-stop,4 小時 40 分鐘,No,Boeing 777,1,BR 225,經濟艙,10100,5645,9432.0,6146151.69,8955.25,89,91
2025-02-04,星期二,上午8:20,早晨班機,TPE,下午1:05,下午抵達,SIN,中華航空,2,直達航班。,Non-stop,4 小時 45 分鐘,No,Airbus A350,1,CI 753,經濟艙,8844,5575,7277.0,15289900.2,7263.75,90,91
2025-02-04,星期二,上午8:45,早晨班機,TPE,下午1:25,下午抵達,SIN,星宇航空,0,直達航班。,Non-stop,4 小時 40 分鐘,No,Airbus A321neo,0,JX 771,經濟艙,7594,5536,7135.0,2362566.03,7103.0,90,91
2025-02-04,星期二,上午9:35,上午班機,TPE,下午2:30,下午抵達,SIN,長榮航空,1,直達航班。,Non-stop,4 小時 55 分鐘,No,Boeing 777,1,BR 215,經濟艙,8201,6249,6875.0,3630608.21,8345.5,90,91
2025-02-04,星期二,下午2:10,下午班機,TPE,下午6:55,晚間抵達,SIN,新加坡航空,1,直達航班。,Non-stop,4 小時 45 分鐘,No,Boeing 787,1,SQ 877,經濟艙,8763,8026,8535.0,411478.47,8677.5,90,91
2025-02-04,星期二,下午4:10,下午班機,TPE,晚上8:55,晚間抵達,SIN,酷航,4,直達航班。,Non-stop,4 小時 45 分鐘,No,Boeing 787,1,TR 899,經濟艙,4267,3298,4398.0,357487.18,4123.0,31,91
2025-02-04,星期二,下午5:35,下午班機,TPE,晚上10:20,晚間抵達,SIN,新加坡航空,1,直達航班。,Non-stop,4 小時 45 分鐘,No,Boeing 787,1,SQ 879,經濟艙,8459,8026,8531.0,130284.32,8732.25,90,91
2025-02-04,星期二,凌晨12:20,凌晨班機,TPE,清晨5:05,凌晨抵達,SIN,酷航,4,直達航班。,Non-stop,4 小時 45 分鐘,No,Airbus A321neo,0,TR 875,經濟艙,4256,2898,4398.0,518014.65,4573.0,12,91
2025-02-04,星期二,凌晨1:30,凌晨班機,TPE,清晨6:15,早晨抵達,SIN,酷航,4,直達航班。,Non-stop,4 小時 45 分鐘,No,Boeing 787,1,TR 897,經濟艙,3572,2898,3298.0,151963.37,3673.0,55,91
2025-02-04,星期二,晚上10:20,晚間班機,TPE,"凌晨3:05 (星期三, 2月 5)",凌晨抵達,SIN,酷航,4,直達航班。,Non-stop,4 小時 45 分鐘,No,Boeing 787,1,TR 893,經濟艙,3433,2588,3298.0,212794.02,3598.0,19,91
2025-02-04,星期二,晚上7:55,晚間班機,TPE,"凌晨12:40 (星期三, 2月 5)",凌晨抵達,SIN,中華航空,2,直達航班。,Non-stop,4 小時 45 分鐘,No,Airbus A330,1,CI 755,經濟艙,5505,5173,5493.0,60657.25,5341.75,90,91
2025-02-04,星期二,清晨7:25,早晨班機,TPE,中午12:05,下午抵達,SIN,長榮航空,1,直達航班。,Non-stop,4 小時 40 分鐘,No,Boeing 777,1,BR 225,經濟艙,6304,5645,6160.0,372578.8,6044.5,90,91
2025-02-05,星期三,上午8:20,早晨班機,TPE,下午1:05,下午抵達,SIN,中華航空,2,直達航班。,Non-stop,4 小時 45 分鐘,No,Airbus A350,1,CI 753,經濟艙,5898,5552,5840.0,92672.34,5874.5,43,91
2025-02-05,星期三,上午8:45,早晨班機,TPE,下午1:25,下午抵達,SIN,星宇航空,0,直達航班。,Non-stop,4 小時 40 分鐘,No,Airbus A321neo,0,JX 771,經濟艙,6449,5278,6432.0,338770.89,6401.75,41,91
2025-02-05,星期三,上午9:35,上午班機,TPE,下午2:30,下午抵達,SIN,長榮航空,1,直達航班。,Non-stop,4 小時 55 分鐘,No,Boeing 777,1,BR 215,經濟艙,6619,5645,6492.0,578361.19,7082.25,91,91
2025-02-05,星期三,下午2:10,下午班機,TPE,下午6:55,晚間抵達,SIN,新加坡航空,1,直達航班。,Non-stop,4 小時 45 分鐘,No,Boeing 787,1,SQ 877,經濟艙,8125,8026,8140.0,1512.32,8112.25,91,91
2025-02-05,星期三,下午4:10,下午班機,TPE,晚上8:55,晚間抵達,SIN,酷航,4,直達航班。,Non-stop,4 小時 45 分鐘,No,Boeing 787,1,TR 899,經濟艙,3663,3298,3298.0,247860.81,3423.0,57,91
2025-02-05,星期三,下午5:35,下午班機,TPE,晚上10:20,晚間抵達,SIN,新加坡航空,1,直達航班。,Non-stop,4 小時 45 分鐘,No,Boeing 787,1,SQ 879,經濟艙,8125,8026,8140.0,1512.32,8086.0,91,91
2025-02-05,星期三,凌晨12:20,凌晨班機,TPE,清晨5:05,凌晨抵達,SIN,酷航,4,直達航班。,Non-stop,4 小時 45 分鐘,No,Airbus A321neo,0,TR 875,經濟艙,3517,2588,3298.0,348548.45,3548.0,20,91
2025-02-05,星期三,凌晨1:30,凌晨班機,TPE,清晨6:15,早晨抵達,SIN,酷航,4,直達航班。,Non-stop,4 小時 45 分鐘,No,Boeing 787,1,TR 897,經濟艙,3718,2588,3298.0,6718578.64,3298.0,64,90
2025-02-05,星期三,晚上7:55,晚間班機,TPE,"凌晨12:40 (星期四, 2月 6)",凌晨抵達,SIN,中華航空,2,直達航班。,Non-stop,4 小時 45 分鐘,No,Airbus A330,1,CI 755,經濟艙,5513,5173,5497.0,60599.07,5706.5,91,91
2025-02-05,星期三,清晨7:25,早晨班機,TPE,中午12:05,下午抵達,SIN,長榮航空,1,直達航班。,Non-stop,4 小時 40 分鐘,No,Boeing 777,1,BR 225,經濟艙,7043,5645,6875.0,259461.85,6925.25,91,91
2025-02-06,星期四,上午8:20,早晨班機,TPE,下午1:05,下午抵達,SIN,中華航空,2,直達航班。,Non-stop,4 小時 45 分鐘,No,Airbus A350,1,CI 753,經濟艙,5876,5552,5840.0,64924.29,5983.75,44,91
2025-02-06,星期四,上午8:45,早晨班機,TPE,下午1:25,下午抵達,SIN,星宇航空,0,直達航班。,Non-stop,4 小時 40 分鐘,No,Airbus A321neo,0,JX 771,經濟艙,6118,5163,6322.0,473789.76,6940.0,91,68
2025-02-06,星期四,上午9:35,上午班機,TPE,下午2:30,下午抵達,SIN,長榮航空,1,直達航班。,Non-stop,4 小時 55 分鐘,No,Boeing 777,1,BR 215,經濟艙,6516,5646,6189.0,492506.15,6483.5,91,91
2025-02-06,星期四,下午2:10,下午班機,TPE,下午6:55,晚間抵達,SIN,新加坡航空,1,直達航班。,Non-stop,4 小時 45 分鐘,No,Boeing 787,1,SQ 877,經濟艙,8127,8027,8141.0,1407.29,8087.75,91,91
2025-02-06,星期四,下午4:10,下午班機,TPE,晚上8:55,晚間抵達,SIN,酷航,4,直達航班。,Non-stop,4 小時 45 分鐘,No,Boeing 787,1,TR 899,經濟艙,3230,2588,3298.0,184197.61,3370.5,23,91
2025-02-06,星期四,下午5:35,下午班機,TPE,晚上10:20,晚間抵達,SIN,新加坡航空,1,直達航班。,Non-stop,4 小時 45 分鐘,No,Boeing 787,1,SQ 879,經濟艙,8127,8027,8141.0,1407.29,8141.5,91,91
2025-02-06,星期四,凌晨1:30,凌晨班機,TPE,清晨6:15,早晨抵達,SIN,酷航,4,直達航班。,Non-stop,4 小時 45 分鐘,No,Boeing 787,1,TR 897,經濟艙,3176,2588,3298.0,246063.54,3020.5,65,91
2025-02-06,星期四,晚上10:20,晚間班機,TPE,"凌晨3:05 (星期五, 2月 7)",凌晨抵達,SIN,酷航,4,直達航班。,Non-stop,4 小時 45 分鐘,No,Boeing 787,1,TR 893,經濟艙,2805,2588,2588.0,1501087.3,2665.5,65,91
2025-02-06,星期四,晚上7:55,晚間班機,TPE,"凌晨12:40 (星期五, 2月 7)",凌晨抵達,SIN,中華航空,2,直達航班。,Non-stop,4 小時 45 分鐘,No,Airbus A330,1,CI 755,經濟艙,5520,5174,5497.0,60433.19,5639.0,91,91
2025-02-06,星期四,清晨7:25,早晨班機,TPE,中午12:05,下午抵達,SIN,長榮航空,1,直達航班。,Non-stop,4 小時 40 分鐘,No,Boeing 777,1,BR 225,經濟艙,6131,5646,6183.0,115246.17,5996.5,91,91
2025-02-07,星期五,上午8:20,早晨班機,TPE,下午1:05,下午抵達,SIN,中華航空,2,直達航班。,Non-stop,4 小時 45 分鐘,No,Airbus A350,1,CI 753,經濟艙,5883,5552,5840.0,65394.32,5886.25,45,91
2025-02-07,星期五,上午8:45,早晨班機,TPE,下午1:25,下午抵達,SIN,星宇航空,0,直達航班。,Non-stop,4 小時 40 分鐘,No,Airbus A321neo,0,JX 771,經濟艙,5615,5168,5883.0,96017.79,5375.5,90,67
2025-02-07,星期五,上午9:35,上午班機,TPE,下午2:30,下午抵達,SIN,長榮航空,1,直達航班。,Non-stop,4 小時 55 分鐘,No,Boeing 777,1,BR 215,經濟艙,6114,5658,6183.0,69856.29,6319.0,90,91
2025-02-07,星期五,下午2:10,下午班機,TPE,下午6:55,晚間抵達,SIN,新加坡航空,1,直達航班。,Non-stop,4 小時 45 分鐘,No,Boeing 787,1,SQ 877,經濟艙,8127,8033,8141.0,1385.01,8116.25,91,91
2025-02-07,星期五,下午4:10,下午班機,TPE,晚上8:55,晚間抵達,SIN,酷航,4,直達航班。,Non-stop,4 小時 45 分鐘,No,Boeing 787,1,TR 899,經濟艙,2740,2299,2588.0,105220.71,2540.75,58,91
2025-02-07,星期五,下午5:35,下午班機,TPE,晚上10:20,晚間抵達,SIN,新加坡航空,1,直達航班。,Non-stop,4 小時 45 分鐘,No,Boeing 787,1,SQ 879,經濟艙,8127,8033,8141.0,1385.01,8117.5,91,91
2025-02-07,星期五,凌晨12:20,凌晨班機,TPE,清晨5:05,凌晨抵達,SIN,酷航,4,直達航班。,Non-stop,4 小時 45 分鐘,No,Airbus A321neo,0,TR 875,經濟艙,2642,2299,2588.0,31733.79,2665.5,58,91
2025-02-07,星期五,凌晨1:30,凌晨班機,TPE,清晨6:15,早晨抵達,SIN,酷航,4,直達航班。,Non-stop,4 小時 45 分鐘,No,Boeing 787,1,TR 897,經濟艙,2566,2299,2588.0,12523.04,2443.5,58,91
2025-02-07,星期五,晚上7:55,晚間班機,TPE,"凌晨12:40 (星期六, 2月 8)",凌晨抵達,SIN,中華航空,2,直達航班。,Non-stop,4 小時 45 分鐘,No,Airbus A330,1,CI 755,經濟艙,5527,5186,5497.0,60126.59,5510.0,90,91
2025-02-07,星期五,清晨7:25,早晨班機,TPE,中午12:05,下午抵達,SIN,長榮航空,1,直達航班。,Non-stop,4 小時 40 分鐘,No,Boeing 777,1,BR 225,經濟艙,6114,5658,6183.0,69856.29,6229.5,90,91
2025-02-08,星期六,上午8:20,早晨班機,TPE,下午1:05,下午抵達,SIN,中華航空,2,直達航班。,Non-stop,4 小時 45 分鐘,No,Airbus A350,1,CI 753,經濟艙,5890,5552,5840.0,65514.43,5931.0,46,91
2025-02-08,星期六,上午8:45,早晨班機,TPE,下午1:25,下午抵達,SIN,星宇航空,0,直達航班。,Non-stop,4 小時 40 分鐘,No,Airbus A321neo,0,JX 771,經濟艙,5694,5168,5883.0,152794.57,5755.5,91,66
2025-02-08,星期六,上午9:35,上午班機,TPE,下午2:30,下午抵達,SIN,長榮航空,1,直達航班。,Non-stop,4 小時 55 分鐘,No,Boeing 777,1,BR 215,經濟艙,6107,5658,6183.0,62149.82,5978.5,91,91
2025-02-08,星期六,下午2:10,下午班機,TPE,下午6:55,晚間抵達,SIN,新加坡航空,1,直達航班。,Non-stop,4 小時 45 分鐘,No,Boeing 787,1,SQ 877,經濟艙,8128,8033,8141.0,1284.94,8118.25,91,91
2025-02-08,星期六,下午4:10,下午班機,TPE,晚上8:55,晚間抵達,SIN,酷航,4,直達航班。,Non-stop,4 小時 45 分鐘,No,Boeing 787,1,TR 899,經濟艙,3485,2399,3298.0,666388.05,3945.5,23,91
2025-02-08,星期六,下午5:35,下午班機,TPE,晚上10:20,晚間抵達,SIN,新加坡航空,1,直達航班。,Non-stop,4 小時 45 分鐘,No,Boeing 787,1,SQ 879,經濟艙,8128,8033,8141.0,1284.94,8116.0,91,91
2025-02-08,星期六,凌晨12:20,凌晨班機,TPE,凌晨4:55,凌晨抵達,SIN,酷航,4,直達航班。,Non-stop,4 小時 35 分鐘,No,Airbus A321neo,0,TR 875,經濟艙,2552,2299,2588.0,7456.76,2588.0,59,91
2025-02-08,星期六,凌晨1:30,凌晨班機,TPE,清晨6:15,早晨抵達,SIN,酷航,4,直達航班。,Non-stop,4 小時 45 分鐘,No,Boeing 787,1,TR 897,經濟艙,2552,2299,2588.0,7456.76,2515.75,59,91
2025-02-08,星期六,晚上10:20,晚間班機,TPE,"凌晨3:05 (星期日, 2月 9)",凌晨抵達,SIN,酷航,4,直達航班。,Non-stop,4 小時 45 分鐘,No,Boeing 787,1,TR 893,經濟艙,2610,2299,2588.0,26395.3,2593.25,59,91
2025-02-08,星期六,晚上7:55,晚間班機,TPE,"凌晨12:40 (星期日, 2月 9)",凌晨抵達,SIN,中華航空,2,直達航班。,Non-stop,4 小時 45 分鐘,No,Airbus A330,1,CI 755,經濟艙,5534,5186,5497.0,59798.27,5713.0,91,91
2025-02-08,星期六,清晨7:25,早晨班機,TPE,中午12:05,下午抵達,SIN,長榮航空,1,直達航班。,Non-stop,4 小時 40 分鐘,No,Boeing 777,1,BR 225,經濟艙,6107,5658,6183.0,62149.82,6198.0,91,91
2025-02-09,星期日,上午8:20,早晨班機,TPE,下午1:05,下午抵達,SIN,中華航空,2,直達航班。,Non-stop,4 小時 45 分鐘,No,Airbus A350,1,CI 753,經濟艙,5897,5552,5844.0,65529.7,6007.25,47,91
2025-02-09,星期日,上午8:45,早晨班機,TPE,下午1:25,下午抵達,SIN,星宇航空,0,直達航班。,Non-stop,4 小時 40 分鐘,No,Airbus A321neo,0,JX 771,經濟艙,5806,5168,5898.0,192683.21,5564.75,91,65
2025-02-09,星期日,上午9:35,上午班機,TPE,下午2:30,下午抵達,SIN,長榮航空,1,直達航班。,Non-stop,4 小時 55 分鐘,No,Boeing 777,1,BR 215,經濟艙,6188,5658,6185.0,154672.46,6411.25,91,91
2025-02-09,星期日,下午2:10,下午班機,TPE,下午6:55,晚間抵達,SIN,新加坡航空,1,直達航班。,Non-stop,4 小時 45 分鐘,No,Boeing 787,1,SQ 877,經濟艙,8129,8033,8141.0,1190.27,8141.25,91,91
2025-02-09,星期日,下午4:10,下午班機,TPE,晚上8:55,晚間抵達,SIN,酷航,4,直達航班。,Non-stop,4 小時 45 分鐘,No,Boeing 787,1,TR 899,經濟艙,4074,2399,4398.0,944525.84,4698.0,24,91
2025-02-09,星期日,下午5:35,下午班機,TPE,晚上10:20,晚間抵達,SIN,新加坡航空,1,直達航班。,Non-stop,4 小時 45 分鐘,No,Boeing 787,1,SQ 879,經濟艙,8129,8033,8141.0,1190.27,8139.75,91,91
2025-02-09,星期日,凌晨12:20,凌晨班機,TPE,清晨5:05,凌晨抵達,SIN,酷航,4,直達航班。,Non-stop,4 小時 45 分鐘,No,Airbus A321neo,0,TR 875,經濟艙,2556,2299,2588.0,8758.53,2588.0,60,91
2025-02-09,星期日,凌晨1:30,凌晨班機,TPE,清晨6:15,早晨抵達,SIN,酷航,4,直達航班。,Non-stop,4 小時 45 分鐘,No,Boeing 787,1,TR 897,經濟艙,2552,2299,2588.0,7456.76,2515.75,60,91
2025-02-09,星期日,晚上10:20,晚間班機,TPE,"凌晨3:05 (星期一, 2月 10)",凌晨抵達,SIN,酷航,4,直達航班。,Non-stop,4 小時 45 分鐘,No,Boeing 787,1,TR 893,經濟艙,2556,2299,2588.0,8758.53,2665.5,60,91
2025-02-09,星期日,晚上7:55,晚間班機,TPE,"凌晨12:40 (星期一, 2月 10)",凌晨抵達,SIN,中華航空,2,直達航班。,Non-stop,4 小時 45 分鐘,No,Airbus A330,1,CI 755,經濟艙,5541,5186,5501.0,59354.5,5434.5,91,91
2025-02-09,星期日,清晨7:25,早晨班機,TPE,中午12:05,下午抵達,SIN,長榮航空,1,直達航班。,Non-stop,4 小時 40 分鐘,No,Boeing 777,1,BR 225,經濟艙,6093,5658,6183.0,34259.13,6170.0,91,91
2025-02-10,星期一,上午8:20,早晨班機,TPE,下午1:05,下午抵達,SIN,中華航空,2,直達航班。,Non-stop,4 小時 45 分鐘,No,Airbus A350,1,CI 753,經濟艙,5904,5552,5845.0,66055.61,6096.5,48,91
2025-02-10,星期一,上午8:45,早晨班機,TPE,下午1:25,下午抵達,SIN,星宇航空,0,直達航班。,Non-stop,4 小時 40 分鐘,No,Airbus A321neo,0,JX 771,經濟艙,5624,5168,5883.0,94522.07,5577.25,91,64
2025-02-10,星期一,上午9:35,上午班機,TPE,下午2:30,下午抵達,SIN,長榮航空,1,直達航班。,Non-stop,4 小時 55 分鐘,No,Boeing 777,1,BR 215,經濟艙,6386,5658,6186.0,709411.01,6001.25,91,91
2025-02-10,星期一,下午2:10,下午班機,TPE,下午6:55,晚間抵達,SIN,新加坡航空,1,直達航班。,Non-stop,4 小時 45 分鐘,No,Boeing 787,1,SQ 877,經濟艙,8132,8033,8142.0,994.6,8142.75,91,91
2025-02-10,星期一,下午4:10,下午班機,TPE,晚上8:55,晚間抵達,SIN,酷航,4,直達航班。,Non-stop,4 小時 45 分鐘,No,Boeing 787,1,TR 899,經濟艙,3660,2399,3798.0,644172.93,3795.5,25,91
2025-02-10,星期一,下午5:35,下午班機,TPE,晚上10:20,晚間抵達,SIN,新加坡航空,1,直達航班。,Non-stop,4 小時 45 分鐘,No,Boeing 787,1,SQ 879,經濟艙,8132,8033,8142.0,994.6,8139.75,91,91
2025-02-10,星期一,凌晨1:30,凌晨班機,TPE,清晨6:15,早晨抵達,SIN,酷航,4,直達航班。,Non-stop,4 小時 45 分鐘,No,Boeing 787,1,TR 897,經濟艙,2920,2399,2588.0,223559.17,2968.0,25,91
2025-02-10,星期一,清晨7:25,早晨班機,TPE,中午12:05,下午抵達,SIN,長榮航空,1,直達航班。,Non-stop,4 小時 40 分鐘,No,Boeing 777,1,BR 225,經濟艙,6095,5658,6183.0,32746.29,6099.5,91,91
2025-02-11,星期二,上午8:20,早晨班機,TPE,下午1:05,下午抵達,SIN,中華航空,2,直達航班。,Non-stop,4 小時 45 分鐘,No,Airbus A350,1,CI 753,經濟艙,5912,5552,5845.0,66494.07,5779.5,49,91
2025-02-11,星期二,上午8:45,早晨班機,TPE,下午1:25,下午抵達,SIN,星宇航空,0,直達航班。,Non-stop,4 小時 40 分鐘,No,Airbus A321neo,0,JX 771,經濟艙,5719,5169,5883.0,146163.61,5561.25,91,63
2025-02-11,星期二,上午9:35,上午班機,TPE,下午2:30,下午抵達,SIN,長榮航空,1,直達航班。,Non-stop,4 小時 55 分鐘,No,Boeing 777,1,BR 215,經濟艙,6105,5660,6183.0,38378.01,6203.75,91,91
2025-02-11,星期二,下午2:10,下午班機,TPE,下午6:55,晚間抵達,SIN,新加坡航空,1,直達航班。,Non-stop,4 小時 45 分鐘,No,Boeing 787,1,SQ 877,經濟艙,8133,8034,8142.0,895.37,8143.5,91,90
2025-02-11,星期二,下午4:10,下午班機,TPE,晚上8:55,晚間抵達,SIN,酷航,4,直達航班。,Non-stop,4 小時 45 分鐘,No,Boeing 787,1,TR 899,經濟艙,3472,2399,3298.0,226682.2,3448.0,26,91
2025-02-11,星期二,下午5:35,下午班機,TPE,晚上10:20,晚間抵達,SIN,新加坡航空,1,直達航班。,Non-stop,4 小時 45 分鐘,No,Boeing 787,1,SQ 879,經濟艙,8133,8034,8142.0,895.37,8116.75,91,90
2025-02-11,星期二,凌晨12:20,凌晨班機,TPE,清晨5:05,凌晨抵達,SIN,酷航,4,直達航班。,Non-stop,4 小時 45 分鐘,No,Airbus A321neo,0,TR 875,經濟艙,2631,2299,2588.0,29588.52,2588.0,62,91
2025-02-11,星期二,凌晨1:30,凌晨班機,TPE,清晨6:15,早晨抵達,SIN,酷航,4,直達航班。,Non-stop,4 小時 45 分鐘,No,Boeing 787,1,TR 897,經濟艙,2583,2299,2588.0,18327.88,2588.0,62,91
2025-02-11,星期二,晚上10:20,晚間班機,TPE,"凌晨3:05 (星期三, 2月 12)",凌晨抵達,SIN,酷航,4,直達航班。,Non-stop,4 小時 45 分鐘,No,Boeing 787,1,TR 893,經濟艙,2678,2299,2588.0,42918.49,2540.75,62,91
2025-02-11,星期二,清晨7:25,早晨班機,TPE,中午12:05,下午抵達,SIN,長榮航空,1,直達航班。,Non-stop,4 小時 40 分鐘,No,Boeing 777,1,BR 225,經濟艙,6105,5660,6183.0,38378.01,6131.25,91,91
2025-02-12,星期三,上午8:20,早晨班機,TPE,下午1:05,下午抵達,SIN,中華航空,2,直達航班。,Non-stop,4 小時 45 分鐘,No,Airbus A350,1,CI 753,經濟艙,5913,5552,5845.0,65736.7,5852.75,50,91
2025-02-12,星期三,上午8:45,早晨班機,TPE,下午1:25,下午抵達,SIN,星宇航空,0,直達航班。,Non-stop,4 小時 40 分鐘,No,Airbus A321neo,0,JX 771,經濟艙,5639,5171,5883.0,90595.7,5884.5,91,62
2025-02-12,星期三,上午9:35,上午班機,TPE,下午2:30,下午抵達,SIN,長榮航空,1,直達航班。,Non-stop,4 小時 55 分鐘,No,Boeing 777,1,BR 215,經濟艙,6115,5665,6183.0,43860.86,6094.25,91,91
2025-02-12,星期三,下午2:10,下午班機,TPE,下午6:55,晚間抵達,SIN,新加坡航空,1,直達航班。,Non-stop,4 小時 45 分鐘,No,Boeing 787,1,SQ 877,經濟艙,8248,8036,8142.0,1193945.0,8141.75,91,91
2025-02-12,星期三,下午4:10,下午班機,TPE,晚上8:55,晚間抵達,SIN,酷航,4,直達航班。,Non-stop,4 小時 45 分鐘,No,Boeing 787,1,TR 899,經濟艙,3250,2399,2898.0,445721.15,3273.0,27,91
2025-02-12,星期三,下午5:35,下午班機,TPE,晚上10:20,晚間抵達,SIN,新加坡航空,1,直達航班。,Non-stop,4 小時 45 分鐘,No,Boeing 787,1,SQ 879,經濟艙,8248,8036,8142.0,1193945.0,8142.0,91,91
2025-02-12,星期三,凌晨12:20,凌晨班機,TPE,清晨5:05,凌晨抵達,SIN,酷航,4,直達航班。,Non-stop,4 小時 45 分鐘,No,Airbus A321neo,0,TR 875,經濟艙,2742,2299,2588.0,102257.93,2515.75,62,91
2025-02-12,星期三,凌晨1:30,凌晨班機,TPE,清晨6:15,早晨抵達,SIN,酷航,4,直達航班。,Non-stop,4 小時 45 分鐘,No,Boeing 787,1,TR 897,經濟艙,2583,2299,2588.0,18327.88,2665.5,63,91
2025-02-12,星期三,晚上7:55,晚間班機,TPE,"凌晨12:40 (星期四, 2月 13)",凌晨抵達,SIN,中華航空,2,直達航班。,Non-stop,4 小時 45 分鐘,No,Airbus A330,1,CI 755,經濟艙,5560,5193,5502.0,58021.59,5368.5,91,91
2025-02-12,星期三,清晨7:25,早晨班機,TPE,中午12:05,下午抵達,SIN,長榮航空,1,直達航班。,Non-stop,4 小時 40 分鐘,No,Boeing 777,1,BR 225,經濟艙,6115,5665,6183.0,43860.86,6163.25,91,91
2025-02-13,星期四,上午8:20,早晨班機,TPE,下午1:05,下午抵達,SIN,中華航空,2,直達航班。,Non-stop,4 小時 45 分鐘,No,Airbus A350,1,CI 753,經濟艙,5999,5552,5848.0,152789.34,5893.0,51,91
2025-02-13,星期四,上午8:45,早晨班機,TPE,下午1:25,下午抵達,SIN,星宇航空,0,直達航班。,Non-stop,4 小時 40 分鐘,No,Airbus A321neo,0,JX 771,經濟艙,6433,5660,6333.0,306740.61,6587.5,50,61
2025-02-13,星期四,上午9:35,上午班機,TPE,下午2:30,下午抵達,SIN,長榮航空,1,直達航班。,Non-stop,4 小時 55 分鐘,No,Boeing 777,1,BR 215,經濟艙,7560,5668,7544.0,580989.04,7316.75,91,91
2025-02-13,星期四,下午2:10,下午班機,TPE,下午6:55,晚間抵達,SIN,新加坡航空,1,直達航班。,Non-stop,4 小時 45 分鐘,No,Boeing 787,1,SQ 877,經濟艙,8134,8038,8142.0,778.35,8091.5,91,90
2025-02-13,星期四,下午4:10,下午班機,TPE,晚上8:55,晚間抵達,SIN,酷航,4,直達航班。,Non-stop,4 小時 45 分鐘,No,Boeing 787,1,TR 899,經濟艙,3173,2399,2898.0,366144.22,3218.0,28,91
2025-02-13,星期四,下午5:35,下午班機,TPE,晚上10:20,晚間抵達,SIN,新加坡航空,1,直達航班。,Non-stop,4 小時 45 分鐘,No,Boeing 787,1,SQ 879,經濟艙,8134,8038,8142.0,778.35,8139.0,91,90
2025-02-13,星期四,凌晨1:30,凌晨班機,TPE,清晨6:15,早晨抵達,SIN,酷航,4,直達航班。,Non-stop,4 小時 45 分鐘,No,Boeing 787,1,TR 897,經濟艙,3404,2399,3298.0,285946.58,3348.25,28,91
2025-02-13,星期四,晚上10:20,晚間班機,TPE,"凌晨3:05 (星期五, 2月 14)",凌晨抵達,SIN,酷航,4,直達航班。,Non-stop,4 小時 45 分鐘,No,Boeing 787,1,TR 893,經濟艙,2843,2299,2588.0,120285.03,2943.0,64,91
2025-02-13,星期四,晚上7:55,晚間班機,TPE,"凌晨12:40 (星期五, 2月 14)",凌晨抵達,SIN,中華航空,2,直達航班。,Non-stop,4 小時 45 分鐘,No,Airbus A330,1,CI 755,經濟艙,5562,5196,5502.0,56775.01,5566.25,91,91
2025-02-13,星期四,清晨7:25,早晨班機,TPE,中午12:05,下午抵達,SIN,長榮航空,1,直達航班。,Non-stop,4 小時 40 分鐘,No,Boeing 777,1,BR 225,經濟艙,6214,5668,6186.0,122055.45,6283.5,91,91
2025-02-14,星期五,上午8:20,早晨班機,TPE,下午1:05,下午抵達,SIN,中華航空,2,直達航班。,Non-stop,4 小時 45 分鐘,No,Airbus A350,1,CI 753,經濟艙,5930,5552,5846.0,65988.38,5785.5,52,91
2025-02-14,星期五,上午8:45,早晨班機,TPE,下午1:25,下午抵達,SIN,星宇航空,0,直達航班。,Non-stop,4 小時 40 分鐘,No,Airbus A321neo,0,JX 771,經濟艙,5728,5173,5883.5,91152.41,5894.5,91,60
2025-02-14,星期五,上午9:35,上午班機,TPE,下午2:30,下午抵達,SIN,長榮航空,1,直達航班。,Non-stop,4 小時 55 分鐘,No,Boeing 777,1,BR 215,經濟艙,6116,5669,6185.0,34343.71,6172.75,91,91
2025-02-14,星期五,下午2:10,下午班機,TPE,下午6:55,晚間抵達,SIN,新加坡航空,1,直達航班。,Non-stop,4 小時 45 分鐘,No,Boeing 787,1,SQ 877,經濟艙,8136,8038,8142.0,571.62,8141.25,91,90
2025-02-14,星期五,下午4:10,下午班機,TPE,晚上8:55,晚間抵達,SIN,酷航,4,直達航班。,Non-stop,4 小時 45 分鐘,No,Boeing 787,1,TR 899,經濟艙,3503,2399,3298.0,383320.36,3748.0,29,91
2025-02-14,星期五,下午5:35,下午班機,TPE,晚上10:20,晚間抵達,SIN,新加坡航空,1,直達航班。,Non-stop,4 小時 45 分鐘,No,Boeing 787,1,SQ 879,經濟艙,8136,8038,8142.0,571.62,8143.5,91,90
2025-02-14,星期五,凌晨12:20,凌晨班機,TPE,清晨5:05,凌晨抵達,SIN,酷航,4,直達航班。,Non-stop,4 小時 45 分鐘,No,Airbus A321neo,0,TR 875,經濟艙,3024,2399,2898.0,142956.42,3198.0,23,91
2025-02-14,星期五,凌晨1:30,凌晨班機,TPE,清晨6:15,早晨抵達,SIN,酷航,4,直達航班。,Non-stop,4 小時 45 分鐘,No,Boeing 787,1,TR 897,經濟艙,3124,2399,3298.0,104547.17,3298.0,29,91
2025-02-14,星期五,晚上7:55,晚間班機,TPE,"凌晨12:40 (星期六, 2月 15)",凌晨抵達,SIN,中華航空,2,直達航班。,Non-stop,4 小時 45 分鐘,No,Airbus A330,1,CI 755,經濟艙,5564,5197,5502.0,55675.89,5448.25,91,91
2025-02-14,星期五,清晨7:25,早晨班機,TPE,中午12:05,下午抵達,SIN,長榮航空,1,直達航班。,Non-stop,4 小時 40 分鐘,No,Boeing 777,1,BR 225,經濟艙,6348,5669,6223.0,94887.74,6157.75,91,91
2025-02-15,星期六,上午8:20,早晨班機,TPE,下午1:05,下午抵達,SIN,中華航空,2,直達航班。,Non-stop,4 小時 45 分鐘,No,Airbus A350,1,CI 753,經濟艙,5917,5552,5845.0,63986.47,5880.25,53,91
2025-02-15,星期六,上午8:45,早晨班機,TPE,下午1:25,下午抵達,SIN,星宇航空,0,直達航班。,Non-stop,4 小時 40 分鐘,No,Airbus A321neo,0,JX 771,經濟艙,5853,5175,5884.0,113292.23,5656.75,91,59
2025-02-15,星期六,上午9:35,上午班機,TPE,下午2:30,下午抵達,SIN,長榮航空,1,直達航班。,Non-stop,4 小時 55 分鐘,No,Boeing 777,1,BR 215,經濟艙,6106,5739,6183.0,25163.2,6206.75,8,91
2025-02-15,星期六,下午2:10,下午班機,TPE,下午6:55,晚間抵達,SIN,新加坡航空,1,直達航班。,Non-stop,4 小時 45 分鐘,No,Boeing 787,1,SQ 877,經濟艙,10315,8039,9128.5,4918672.11,10752.0,88,90
2025-02-15,星期六,下午4:10,下午班機,TPE,晚上8:55,晚間抵達,SIN,酷航,4,直達航班。,Non-stop,4 小時 45 分鐘,No,Boeing 787,1,TR 899,經濟艙,3787,2399,3798.0,391279.17,3548.0,30,91
2025-02-15,星期六,下午5:35,下午班機,TPE,晚上10:20,晚間抵達,SIN,新加坡航空,1,直達航班。,Non-stop,4 小時 45 分鐘,No,Boeing 787,1,SQ 879,經濟艙,8203,8039,8143.0,22550.72,8091.25,88,90
2025-02-15,星期六,凌晨12:20,凌晨班機,TPE,凌晨4:55,凌晨抵達,SIN,酷航,4,直達航班。,Non-stop,4 小時 35 分鐘,No,Airbus A321neo,0,TR 875,經濟艙,3345,2399,3298.0,281839.33,3145.5,30,91
2025-02-15,星期六,凌晨1:30,凌晨班機,TPE,清晨6:15,早晨抵達,SIN,酷航,4,直達航班。,Non-stop,4 小時 45 分鐘,No,Boeing 787,1,TR 897,經濟艙,3616,2399,3798.0,367774.41,3598.0,30,91
2025-02-15,星期六,晚上10:20,晚間班機,TPE,"凌晨3:05 (星期日, 2月 16)",凌晨抵達,SIN,酷航,4,直達航班。,Non-stop,4 小時 45 分鐘,No,Boeing 787,1,TR 893,經濟艙,3187,2299,3298.0,236724.63,3448.0,65,91
2025-02-15,星期六,晚上7:55,晚間班機,TPE,"凌晨12:40 (星期日, 2月 16)",凌晨抵達,SIN,中華航空,2,直達航班。,Non-stop,4 小時 45 分鐘,No,Airbus A330,1,CI 755,經濟艙,5566,5219,5502.0,54568.75,5552.25,53,91
2025-02-15,星期六,清晨7:25,早晨班機,TPE,中午12:05,下午抵達,SIN,長榮航空,1,直達航班。,Non-stop,4 小時 40 分鐘,No,Boeing 777,1,BR 225,經濟艙,6106,5739,6183.0,25163.2,6069.75,8,91
2025-02-16,星期日,上午8:20,早晨班機,TPE,下午1:05,下午抵達,SIN,中華航空,2,直達航班。,Non-stop,4 小時 45 分鐘,No,Airbus A350,1,CI 753,經濟艙,5915,5552,5845.0,62722.28,6081.25,54,91
2025-02-16,星期日,上午8:45,早晨班機,TPE,下午1:25,下午抵達,SIN,星宇航空,0,直達航班。,Non-stop,4 小時 40 分鐘,No,Airbus A321neo,0,JX 771,經濟艙,5671,5175,5884.0,80659.21,5637.0,91,58
2025-02-16,星期日,上午9:35,上午班機,TPE,下午2:30,下午抵達,SIN,長榮航空,1,直達航班。,Non-stop,4 小時 55 分鐘,No,Boeing 777,1,BR 215,經濟艙,6318,5829,6189.0,261621.9,6591.75,54,91
2025-02-16,星期日,下午2:10,下午班機,TPE,下午6:55,晚間抵達,SIN,新加坡航空,1,直達航班。,Non-stop,4 小時 45 分鐘,No,Boeing 787,1,SQ 877,經濟艙,11131,8039,9128.5,8773022.01,12176.75,79,90
2025-02-16,星期日,下午4:10,下午班機,TPE,晚上8:55,晚間抵達,SIN,酷航,4,直達航班。,Non-stop,4 小時 45 分鐘,No,Boeing 787,1,TR 899,經濟艙,4214,3798,4398.0,160725.27,4398.0,70,91
2025-02-16,星期日,下午5:35,下午班機,TPE,晚上10:20,晚間抵達,SIN,新加坡航空,1,直達航班。,Non-stop,4 小時 45 分鐘,No,Boeing 787,1,SQ 879,經濟艙,9442,8039,8532.0,3346758.88,10133.25,89,90
2025-02-16,星期日,凌晨12:20,凌晨班機,TPE,清晨5:05,凌晨抵達,SIN,酷航,4,直達航班。,Non-stop,4 小時 45 分鐘,No,Airbus A321neo,0,TR 875,經濟艙,3260,2399,2898.0,440792.5,3648.0,31,91
2025-02-16,星期日,凌晨1:30,凌晨班機,TPE,清晨6:15,早晨抵達,SIN,酷航,4,直達航班。,Non-stop,4 小時 45 分鐘,No,Boeing 787,1,TR 897,經濟艙,3051,2399,2898.0,173323.79,2998.0,31,91
2025-02-16,星期日,晚上10:20,晚間班機,TPE,"凌晨3:05 (星期一, 2月 17)",凌晨抵達,SIN,酷航,4,直達航班。,Non-stop,4 小時 45 分鐘,No,Boeing 787,1,TR 893,經濟艙,3357,2399,3298.0,238978.38,3673.0,31,91
2025-02-16,星期日,晚上7:55,晚間班機,TPE,"凌晨12:40 (星期一, 2月 17)",凌晨抵達,SIN,中華航空,2,直達航班。,Non-stop,4 小時 45 分鐘,No,Airbus A330,1,CI 755,經濟艙,5564,5219,5502.0,53217.4,5518.75,54,91
2025-02-16,星期日,清晨7:25,早晨班機,TPE,中午12:05,下午抵達,SIN,長榮航空,1,直達航班。,Non-stop,4 小時 40 分鐘,No,Boeing 777,1,BR 225,經濟艙,6134,5739,6160.0,66439.26,6290.75,9,91
2025-02-17,星期一,上午8:20,早晨班機,TPE,下午1:05,下午抵達,SIN,中華航空,2,直達航班。,Non-stop,4 小時 45 分鐘,No,Airbus A350,1,CI 753,經濟艙,5952,5552,6048.0,70003.43,5912.0,55,91
2025-02-17,星期一,上午8:45,早晨班機,TPE,下午1:25,下午抵達,SIN,星宇航空,0,直達航班。,Non-stop,4 小時 40 分鐘,No,Airbus A321neo,0,JX 771,經濟艙,5957,5175,5912.0,205935.11,5825.75,91,57
2025-02-17,星期一,上午9:35,上午班機,TPE,下午2:30,下午抵達,SIN,長榮航空,1,直達航班。,Non-stop,4 小時 55 分鐘,No,Boeing 777,1,BR 215,經濟艙,6399,5829,6189.0,632219.95,6190.75,55,91
2025-02-17,星期一,下午2:10,下午班機,TPE,下午6:55,晚間抵達,SIN,新加坡航空,1,直達航班。,Non-stop,4 小時 45 分鐘,No,Boeing 787,1,SQ 877,經濟艙,8148,8039,8143.0,3801.08,8144.25,90,90
2025-02-17,星期一,下午4:10,下午班機,TPE,晚上8:55,晚間抵達,SIN,酷航,4,直達航班。,Non-stop,4 小時 45 分鐘,No,Boeing 787,1,TR 899,經濟艙,3790,2898,3798.0,155829.06,3948.0,45,91
2025-02-17,星期一,下午5:35,下午班機,TPE,晚上10:20,晚間抵達,SIN,新加坡航空,1,直達航班。,Non-stop,4 小時 45 分鐘,No,Boeing 787,1,SQ 879,經濟艙,8153,8039,8143.0,5380.3,8143.25,90,90
2025-02-17,星期一,凌晨1:30,凌晨班機,TPE,清晨6:15,早晨抵達,SIN,酷航,4,直達航班。,Non-stop,4 小時 45 分鐘,No,Boeing 787,1,TR 897,經濟艙,4030,2399,3798.0,1624028.12,4098.0,32,91
2025-02-17,星期一,晚上7:55,晚間班機,TPE,"凌晨12:40 (星期二, 2月 18)",凌晨抵達,SIN,中華航空,2,直達航班。,Non-stop,4 小時 45 分鐘,No,Airbus A330,1,CI 755,經濟艙,5699,5219,5784.0,181289.21,5905.5,55,91
2025-02-17,星期一,清晨7:25,早晨班機,TPE,中午12:05,下午抵達,SIN,長榮航空,1,直達航班。,Non-stop,4 小時 40 分鐘,No,Boeing 777,1,BR 225,經濟艙,6197,5780,6186.0,78317.97,6124.25,9,91
2025-02-18,星期二,上午8:20,早晨班機,TPE,下午1:05,下午抵達,SIN,中華航空,2,直達航班。,Non-stop,4 小時 45 分鐘,No,Airbus A350,1,CI 753,經濟艙,5919,5552,5845.0,61048.39,5789.5,56,91
2025-02-18,星期二,上午8:25,早晨班機,TPE,下午1:25,下午抵達,SIN,星宇航空,0,直達航班。,Non-stop,5 小時,No,Airbus A321neo,0,JX 771,經濟艙,5727,5327,5897.0,86248.26,5939.5,25,35
2025-02-18,星期二,上午8:45,早晨班機,TPE,下午1:25,下午抵達,SIN,星宇航空,0,直達航班。,Non-stop,4 小時 40 分鐘,No,Airbus A321neo,0,JX 771,經濟艙,5979,5278,6320.0,174270.95,5924.0,54,56
2025-02-18,星期二,上午9:35,上午班機,TPE,下午2:30,下午抵達,SIN,長榮航空,1,直達航班。,Non-stop,4 小時 55 分鐘,No,Boeing 777,1,BR 215,經濟艙,6096,5739,6133.0,26686.01,6090.75,11,91
2025-02-18,星期二,下午2:10,下午班機,TPE,下午6:55,晚間抵達,SIN,新加坡航空,1,直達航班。,Non-stop,4 小時 45 分鐘,No,Boeing 787,1,SQ 877,經濟艙,8141,8039,8143.0,132.76,8143.75,91,89
2025-02-18,星期二,下午4:10,下午班機,TPE,晚上8:55,晚間抵達,SIN,酷航,4,直達航班。,Non-stop,4 小時 45 分鐘,No,Boeing 787,1,TR 899,經濟艙,3441,2399,3798.0,196697.63,3495.5,31,91
2025-02-18,星期二,下午5:35,下午班機,TPE,晚上10:20,晚間抵達,SIN,新加坡航空,1,直達航班。,Non-stop,4 小時 45 分鐘,No,Boeing 787,1,SQ 879,經濟艙,8141,8039,8143.0,132.76,8141.0,91,89
2025-02-18,星期二,凌晨12:20,凌晨班機,TPE,清晨5:05,凌晨抵達,SIN,酷航,4,直達航班。,Non-stop,4 小時 45 分鐘,No,Airbus A321neo,0,TR 875,經濟艙,2843,2399,2898.0,89906.76,2743.0,32,91
2025-02-18,星期二,凌晨1:30,凌晨班機,TPE,清晨6:15,早晨抵達,SIN,酷航,4,直達航班。,Non-stop,4 小時 45 分鐘,No,Boeing 787,1,TR 897,經濟艙,2820,2399,2898.0,85510.67,2843.0,84,91
2025-02-18,星期二,晚上10:20,晚間班機,TPE,"凌晨3:05 (星期三, 2月 19)",凌晨抵達,SIN,酷航,4,直達航班。,Non-stop,4 小時 45 分鐘,No,Boeing 787,1,TR 893,經濟艙,2819,2299,2588.0,1552872.33,2743.0,68,91
2025-02-18,星期二,晚上7:55,晚間班機,TPE,"凌晨12:40 (星期三, 2月 19)",凌晨抵達,SIN,中華航空,2,直達航班。,Non-stop,4 小時 45 分鐘,No,Airbus A330,1,CI 755,經濟艙,5571,5219,5502.0,51734.37,5507.0,56,91
2025-02-18,星期二,清晨7:25,早晨班機,TPE,中午12:05,下午抵達,SIN,長榮航空,1,直達航班。,Non-stop,4 小時 40 分鐘,No,Boeing 777,1,BR 225,經濟艙,6096,5739,6133.0,26686.01,6017.75,11,91
2025-02-19,星期三,上午8:20,早晨班機,TPE,下午1:05,下午抵達,SIN,中華航空,2,直達航班。,Non-stop,4 小時 45 分鐘,No,Airbus A350,1,CI 753,經濟艙,5910,5552,5844.0,62421.52,5847.5,57,91
2025-02-19,星期三,上午8:25,早晨班機,TPE,下午1:25,下午抵達,SIN,星宇航空,0,直達航班。,Non-stop,5 小時,No,Airbus A321neo,0,JX 771,經濟艙,5854,5330,5898.0,33269.39,5913.25,16,36
2025-02-19,星期三,上午8:45,早晨班機,TPE,下午1:25,下午抵達,SIN,星宇航空,0,直達航班。,Non-stop,4 小時 40 分鐘,No,Airbus A321neo,0,JX 771,經濟艙,5685,5278,5884.0,74773.02,5898.5,56,55
2025-02-19,星期三,上午9:35,上午班機,TPE,下午2:30,下午抵達,SIN,長榮航空,1,直達航班。,Non-stop,4 小時 55 分鐘,No,Boeing 777,1,BR 215,經濟艙,6236,5739,6186.0,168490.6,6194.75,12,90
2025-02-19,星期三,下午2:10,下午班機,TPE,下午6:55,晚間抵達,SIN,新加坡航空,1,直達航班。,Non-stop,4 小時 45 分鐘,No,Boeing 787,1,SQ 877,經濟艙,8142,8136,8143.0,13.21,8143.5,90,88
2025-02-19,星期三,下午4:10,下午班機,TPE,晚上8:55,晚間抵達,SIN,酷航,4,直達航班。,Non-stop,4 小時 45 分鐘,No,Boeing 787,1,TR 899,經濟艙,3522,2399,3298.0,281728.62,3198.25,33,91
2025-02-19,星期三,下午5:35,下午班機,TPE,晚上10:20,晚間抵達,SIN,新加坡航空,1,直達航班。,Non-stop,4 小時 45 分鐘,No,Boeing 787,1,SQ 879,經濟艙,8142,8136,8143.0,13.21,8142.25,90,88
2025-02-19,星期三,凌晨12:20,凌晨班機,TPE,清晨5:05,凌晨抵達,SIN,酷航,4,直達航班。,Non-stop,4 小時 45 分鐘,No,Airbus A321neo,0,TR 875,經濟艙,2677,2299,2588.0,57717.69,2665.5,70,91
2025-02-19,星期三,凌晨1:30,凌晨班機,TPE,清晨6:15,早晨抵達,SIN,酷航,4,直達航班。,Non-stop,4 小時 45 分鐘,No,Boeing 787,1,TR 897,經濟艙,2552,2299,2588.0,7456.76,2588.0,70,91
2025-02-19,星期三,清晨7:25,早晨班機,TPE,中午12:05,下午抵達,SIN,長榮航空,1,直達航班。,Non-stop,4 小時 40 分鐘,No,Boeing 777,1,BR 225,經濟艙,6090,5739,6131.0,27311.87,6123.0,12,90
2025-02-20,星期四,上午8:20,早晨班機,TPE,下午1:05,下午抵達,SIN,中華航空,2,直達航班。,Non-stop,4 小時 45 分鐘,No,Airbus A350,1,CI 753,經濟艙,5904,5552,5840.0,62308.52,6003.25,58,91
2025-02-20,星期四,上午8:25,早晨班機,TPE,下午1:25,下午抵達,SIN,星宇航空,0,直達航班。,Non-stop,5 小時,No,Airbus A321neo,0,JX 771,經濟艙,6496,5714,6335.0,421582.62,6097.25,27,37
2025-02-20,星期四,上午8:45,早晨班機,TPE,下午1:25,下午抵達,SIN,星宇航空,0,直達航班。,Non-stop,4 小時 40 分鐘,No,Airbus A321neo,0,JX 771,經濟艙,5680,5278,5884.0,75190.25,5634.5,57,54
2025-02-20,星期四,上午9:35,上午班機,TPE,下午2:30,下午抵達,SIN,長榮航空,1,直達航班。,Non-stop,4 小時 55 分鐘,No,Boeing 777,1,BR 215,經濟艙,6088,5739,6131.0,27721.2,6126.75,13,91
2025-02-20,星期四,下午2:10,下午班機,TPE,下午6:55,晚間抵達,SIN,新加坡航空,1,直達航班。,Non-stop,4 小時 45 分鐘,No,Boeing 787,1,SQ 877,經濟艙,8151,8136,8143.0,3380.67,8140.5,91,89
2025-02-20,星期四,下午4:10,下午班機,TPE,晚上8:55,晚間抵達,SIN,酷航,4,直達航班。,Non-stop,4 小時 45 分鐘,No,Boeing 787,1,TR 899,經濟艙,2972,2399,2898.0,88169.6,3098.0,86,91
2025-02-20,星期四,下午5:35,下午班機,TPE,晚上10:20,晚間抵達,SIN,新加坡航空,1,直達航班。,Non-stop,4 小時 45 分鐘,No,Boeing 787,1,SQ 879,經濟艙,8761,8136,8146.0,2616189.79,9571.0,91,89
2025-02-20,星期四,凌晨1:30,凌晨班機,TPE,清晨6:15,早晨抵達,SIN,酷航,4,直達航班。,Non-stop,4 小時 45 分鐘,No,Boeing 787,1,TR 897,經濟艙,3223,2399,3298.0,200606.89,3423.0,35,91
2025-02-20,星期四,晚上10:20,晚間班機,TPE,"凌晨3:05 (星期五, 2月 21)",凌晨抵達,SIN,酷航,4,直達航班。,Non-stop,4 小時 45 分鐘,No,Boeing 787,1,TR 893,經濟艙,2774,2399,2588.0,157990.58,2843.25,35,91
2025-02-20,星期四,晚上7:55,晚間班機,TPE,"凌晨12:40 (星期五, 2月 21)",凌晨抵達,SIN,中華航空,2,直達航班。,Non-stop,4 小時 45 分鐘,No,Airbus A330,1,CI 755,經濟艙,5559,5219,5497.0,51043.47,5566.5,58,91
2025-02-20,星期四,清晨7:25,早晨班機,TPE,中午12:05,下午抵達,SIN,長榮航空,1,直達航班。,Non-stop,4 小時 40 分鐘,No,Boeing 777,1,BR 225,經濟艙,6088,5739,6131.0,27721.2,5984.0,13,91
2025-02-21,星期五,上午8:20,早晨班機,TPE,下午1:05,下午抵達,SIN,中華航空,2,直達航班。,Non-stop,4 小時 45 分鐘,No,Airbus A350,1,CI 753,經濟艙,5903,5552,5840.0,60789.05,5934.5,59,91
2025-02-21,星期五,上午8:25,早晨班機,TPE,下午1:25,下午抵達,SIN,星宇航空,0,直達航班。,Non-stop,5 小時,No,Airbus A321neo,0,JX 771,經濟艙,6076,5714,5960.5,96053.1,6258.5,28,38
2025-02-21,星期五,上午8:45,早晨班機,TPE,下午1:25,下午抵達,SIN,星宇航空,0,直達航班。,Non-stop,4 小時 40 分鐘,No,Airbus A321neo,0,JX 771,經濟艙,5725,5278,5884.0,107314.78,5845.75,58,53
2025-02-21,星期五,上午9:35,上午班機,TPE,下午2:30,下午抵達,SIN,長榮航空,1,直達航班。,Non-stop,4 小時 55 分鐘,No,Boeing 777,1,BR 215,經濟艙,6387,5829,6189.0,349960.04,6543.5,59,91
2025-02-21,星期五,下午2:10,下午班機,TPE,下午6:55,晚間抵達,SIN,新加坡航空,1,直達航班。,Non-stop,4 小時 45 分鐘,No,Boeing 787,1,SQ 877,經濟艙,10268,8529,9127.0,7461879.95,10159.5,77,79
2025-02-21,星期五,下午4:10,下午班機,TPE,晚上8:55,晚間抵達,SIN,酷航,4,直達航班。,Non-stop,4 小時 45 分鐘,No,Boeing 787,1,TR 899,經濟艙,3927,2399,3798.0,556918.42,3623.0,36,91
2025-02-21,星期五,下午5:35,下午班機,TPE,晚上10:20,晚間抵達,SIN,新加坡航空,1,直達航班。,Non-stop,4 小時 45 分鐘,No,Boeing 787,1,SQ 879,經濟艙,10072,9120,9127.5,2564370.65,10308.0,77,78
2025-02-21,星期五,凌晨12:20,凌晨班機,TPE,清晨5:05,凌晨抵達,SIN,酷航,4,直達航班。,Non-stop,4 小時 45 分鐘,No,Airbus A321neo,0,TR 875,經濟艙,2789,2299,2588.0,97001.09,2920.5,71,91
2025-02-21,星期五,凌晨1:30,凌晨班機,TPE,清晨6:15,早晨抵達,SIN,酷航,4,直達航班。,Non-stop,4 小時 45 分鐘,No,Boeing 787,1,TR 897,經濟艙,2915,2399,2898.0,78377.16,2873.25,36,91
2025-02-21,星期五,晚上7:55,晚間班機,TPE,"凌晨12:40 (星期六, 2月 22)",凌晨抵達,SIN,中華航空,2,直達航班。,Non-stop,4 小時 45 分鐘,No,Airbus A330,1,CI 755,經濟艙,5554,5219,5497.0,50864.35,5566.5,59,91
2025-02-21,星期五,清晨7:25,早晨班機,TPE,中午12:05,下午抵達,SIN,長榮航空,1,直達航班。,Non-stop,4 小時 40 分鐘,No,Boeing 777,1,BR 225,經濟艙,6085,5739,6130.0,28060.64,6111.0,14,91
2025-02-22,星期六,上午8:20,早晨班機,TPE,下午1:05,下午抵達,SIN,中華航空,2,直達航班。,Non-stop,4 小時 45 分鐘,No,Airbus A350,1,CI 753,經濟艙,5903,5552,5840.0,59268.7,5671.5,60,91
2025-02-22,星期六,上午8:25,早晨班機,TPE,下午1:25,下午抵達,SIN,星宇航空,0,直達航班。,Non-stop,5 小時,No,Airbus A321neo,0,JX 771,經濟艙,6236,5327,5900.0,356937.11,5936.0,29,39
2025-02-22,星期六,上午8:45,早晨班機,TPE,下午1:25,下午抵達,SIN,星宇航空,0,直達航班。,Non-stop,4 小時 40 分鐘,No,Airbus A321neo,0,JX 771,經濟艙,5811,5278,5884.0,140544.55,5996.75,59,52
2025-02-22,星期六,上午9:35,上午班機,TPE,下午2:30,下午抵達,SIN,長榮航空,1,直達航班。,Non-stop,4 小時 55 分鐘,No,Boeing 777,1,BR 215,經濟艙,6381,5829,6189.0,467553.42,6103.75,60,91
2025-02-22,星期六,下午2:10,下午班機,TPE,下午6:55,晚間抵達,SIN,新加坡航空,1,直達航班。,Non-stop,4 小時 45 分鐘,No,Boeing 787,1,SQ 877,經濟艙,10255,8529,9122.5,7293765.54,9275.25,78,66
2025-02-22,星期六,下午4:10,下午班機,TPE,晚上8:55,晚間抵達,SIN,酷航,4,直達航班。,Non-stop,4 小時 45 分鐘,No,Boeing 787,1,TR 899,經濟艙,4133,2399,4398.0,444856.27,4023.0,35,91
2025-02-22,星期六,下午5:35,下午班機,TPE,晚上10:20,晚間抵達,SIN,新加坡航空,1,直達航班。,Non-stop,4 小時 45 分鐘,No,Boeing 787,1,SQ 879,經濟艙,11412,8532,10007.5,8116600.55,13161.5,64,88
2025-02-22,星期六,凌晨12:20,凌晨班機,TPE,凌晨4:55,凌晨抵達,SIN,酷航,4,直達航班。,Non-stop,4 小時 35 分鐘,No,Airbus A321neo,0,TR 875,經濟艙,3309,2399,3298.0,172844.96,3198.0,37,91
2025-02-22,星期六,凌晨1:30,凌晨班機,TPE,清晨6:15,早晨抵達,SIN,酷航,4,直達航班。,Non-stop,4 小時 45 分鐘,No,Boeing 787,1,TR 897,經濟艙,3200,2399,3298.0,220899.33,3020.5,36,91
2025-02-22,星期六,晚上10:20,晚間班機,TPE,"凌晨3:05 (星期日, 2月 23)",凌晨抵達,SIN,酷航,4,直達航班。,Non-stop,4 小時 45 分鐘,No,Boeing 787,1,TR 893,經濟艙,3353,2399,3298.0,207104.58,2773.25,37,91
2025-02-22,星期六,晚上7:55,晚間班機,TPE,"凌晨12:40 (星期日, 2月 23)",凌晨抵達,SIN,中華航空,2,直達航班。,Non-stop,4 小時 45 分鐘,No,Airbus A330,1,CI 755,經濟艙,6087,5282,5823.0,472377.74,5952.0,77,91
2025-02-22,星期六,清晨7:25,早晨班機,TPE,中午12:05,下午抵達,SIN,長榮航空,1,直達航班。,Non-stop,4 小時 40 分鐘,No,Boeing 777,1,BR 225,經濟艙,6106,5739,6131.0,46244.85,6186.5,15,91
2025-02-23,星期日,上午8:20,早晨班機,TPE,下午1:05,下午抵達,SIN,中華航空,2,直達航班。,Non-stop,4 小時 45 分鐘,No,Airbus A350,1,CI 753,經濟艙,5889,5552,5840.0,61654.85,5855.0,61,91
2025-02-23,星期日,上午8:40,早晨班機,TPE,下午1:25,下午抵達,SIN,星宇航空,0,直達航班。,Non-stop,4 小時 45 分鐘,No,Airbus A321neo,0,JX 771,經濟艙,7107,6336,7148.0,481628.19,7090.75,38,40
2025-02-23,星期日,上午8:45,早晨班機,TPE,下午1:25,下午抵達,SIN,星宇航空,0,直達航班。,Non-stop,4 小時 40 分鐘,No,Airbus A321neo,0,JX 771,經濟艙,6397,5660,6336.0,329949.76,6251.5,60,51
2025-02-23,星期日,上午9:35,上午班機,TPE,下午2:30,下午抵達,SIN,長榮航空,1,直達航班。,Non-stop,4 小時 55 分鐘,No,Boeing 777,1,BR 215,經濟艙,6431,5829,6189.0,535645.98,6108.5,61,91
2025-02-23,星期日,下午2:10,下午班機,TPE,下午6:55,晚間抵達,SIN,新加坡航空,1,直達航班。,Non-stop,4 小時 45 分鐘,No,Boeing 787,1,SQ 877,經濟艙,12572,8529,9127.5,26297455.63,12322.0,79,78
2025-02-23,星期日,下午4:10,下午班機,TPE,晚上8:55,晚間抵達,SIN,酷航,4,直達航班。,Non-stop,4 小時 45 分鐘,No,Boeing 787,1,TR 899,經濟艙,5145,4998,4998.0,93867.16,5348.0,91,91
2025-02-23,星期日,下午5:35,下午班機,TPE,晚上10:20,晚間抵達,SIN,新加坡航空,1,直達航班。,Non-stop,4 小時 45 分鐘,No,Boeing 787,1,SQ 879,經濟艙,11295,8139,10995.0,15330090.71,11367.5,90,85
2025-02-23,星期日,凌晨12:20,凌晨班機,TPE,清晨5:05,凌晨抵達,SIN,酷航,4,直達航班。,Non-stop,4 小時 45 分鐘,No,Airbus A321neo,0,TR 875,經濟艙,3364,2399,3298.0,155518.58,3348.0,36,91
2025-02-23,星期日,凌晨1:30,凌晨班機,TPE,清晨6:15,早晨抵達,SIN,酷航,4,直達航班。,Non-stop,4 小時 45 分鐘,No,Boeing 787,1,TR 897,經濟艙,3681,2399,3298.0,451866.78,3948.0,32,91
2025-02-23,星期日,晚上10:20,晚間班機,TPE,"凌晨3:05 (星期一, 2月 24)",凌晨抵達,SIN,酷航,4,直達航班。,Non-stop,4 小時 45 分鐘,No,Boeing 787,1,TR 893,經濟艙,3612,3298,3798.0,66349.21,3673.0,90,91
2025-02-23,星期日,晚上7:55,晚間班機,TPE,"凌晨12:40 (星期一, 2月 24)",凌晨抵達,SIN,中華航空,2,直達航班。,Non-stop,4 小時 45 分鐘,No,Airbus A330,1,CI 755,經濟艙,6259,5219,5787.0,2000906.44,5565.75,61,91
2025-02-23,星期日,清晨7:25,早晨班機,TPE,中午12:05,下午抵達,SIN,長榮航空,1,直達航班。,Non-stop,4 小時 40 分鐘,No,Boeing 777,1,BR 225,經濟艙,6083,5739,6129.0,28873.73,6169.75,16,91
2025-02-24,星期一,上午8:20,早晨班機,TPE,下午1:05,下午抵達,SIN,中華航空,2,直達航班。,Non-stop,4 小時 45 分鐘,No,Airbus A350,1,CI 753,經濟艙,5883,5552,5836.0,61312.7,5789.25,62,91
2025-02-24,星期一,上午8:25,早晨班機,TPE,下午1:25,下午抵達,SIN,星宇航空,0,直達航班。,Non-stop,5 小時,No,Airbus A321neo,0,JX 771,經濟艙,5874,5327,5900.0,113930.57,5628.75,31,41
2025-02-24,星期一,上午8:45,早晨班機,TPE,下午1:25,下午抵達,SIN,星宇航空,0,直達航班。,Non-stop,4 小時 40 分鐘,No,Airbus A321neo,0,JX 771,經濟艙,5670,5278,5883.5,76846.98,5441.5,61,50
2025-02-24,星期一,上午9:35,上午班機,TPE,下午2:30,下午抵達,SIN,長榮航空,1,直達航班。,Non-stop,4 小時 55 分鐘,No,Boeing 777,1,BR 215,經濟艙,6085,5739,6129.0,29375.69,6240.5,17,91
2025-02-24,星期一,下午2:10,下午班機,TPE,下午6:55,晚間抵達,SIN,新加坡航空,1,直達航班。,Non-stop,4 小時 45 分鐘,No,Boeing 787,1,SQ 877,經濟艙,9366,8136,8536.0,2333807.82,11611.25,76,89
2025-02-24,星期一,下午4:10,下午班機,TPE,晚上8:55,晚間抵達,SIN,酷航,4,直達航班。,Non-stop,4 小時 45 分鐘,No,Boeing 787,1,TR 899,經濟艙,4836,4398,4998.0,223282.05,4548.0,91,91
2025-02-24,星期一,下午5:35,下午班機,TPE,晚上10:20,晚間抵達,SIN,新加坡航空,1,直達航班。,Non-stop,4 小時 45 分鐘,No,Boeing 787,1,SQ 879,經濟艙,9344,8136,8538.0,3306917.62,8537.0,80,89
2025-02-24,星期一,凌晨1:30,凌晨班機,TPE,清晨6:15,早晨抵達,SIN,酷航,4,直達航班。,Non-stop,4 小時 45 分鐘,No,Boeing 787,1,TR 897,經濟艙,3897,2399,3798.0,269612.42,4098.0,14,91
2025-02-24,星期一,清晨7:25,早晨班機,TPE,中午12:05,下午抵達,SIN,長榮航空,1,直達航班。,Non-stop,4 小時 40 分鐘,No,Boeing 777,1,BR 225,經濟艙,6100,5739,6129.0,47053.71,6033.25,17,91
2025-02-25,星期二,上午8:20,早晨班機,TPE,下午1:05,下午抵達,SIN,中華航空,2,直達航班。,Non-stop,4 小時 45 分鐘,No,Airbus A350,1,CI 753,經濟艙,5878,5552,5836.0,60914.28,5898.25,63,91
2025-02-25,星期二,上午8:25,早晨班機,TPE,下午1:25,下午抵達,SIN,星宇航空,0,直達航班。,Non-stop,5 小時,No,Airbus A321neo,0,JX 771,經濟艙,6248,5714,6338.0,162272.75,6225.25,32,42
2025-02-25,星期二,上午8:45,早晨班機,TPE,下午1:25,下午抵達,SIN,星宇航空,0,直達航班。,Non-stop,4 小時 40 分鐘,No,Airbus A321neo,0,JX 771,經濟艙,6083,5660,6320.0,91649.99,6048.5,62,49
2025-02-25,星期二,上午9:35,上午班機,TPE,下午2:30,下午抵達,SIN,長榮航空,1,直達航班。,Non-stop,4 小時 55 分鐘,No,Boeing 777,1,BR 215,經濟艙,6397,5739,6190.0,287965.79,6644.5,18,91
2025-02-25,星期二,下午2:10,下午班機,TPE,下午6:55,晚間抵達,SIN,新加坡航空,1,直達航班。,Non-stop,4 小時 45 分鐘,No,Boeing 787,1,SQ 877,經濟艙,8895,8136,8536.0,1874096.12,8538.5,80,89
2025-02-25,星期二,下午4:10,下午班機,TPE,晚上8:55,晚間抵達,SIN,酷航,4,直達航班。,Non-stop,4 小時 45 分鐘,No,Boeing 787,1,TR 899,經濟艙,4253,2898,4398.0,100058.61,4248.0,19,91
2025-02-25,星期二,下午5:35,下午班機,TPE,晚上10:20,晚間抵達,SIN,新加坡航空,1,直達航班。,Non-stop,4 小時 45 分鐘,No,Boeing 787,1,SQ 879,經濟艙,9174,8138,8536.0,3124304.84,8438.25,73,89
2025-02-25,星期二,凌晨12:20,凌晨班機,TPE,清晨5:05,凌晨抵達,SIN,酷航,4,直達航班。,Non-stop,4 小時 45 分鐘,No,Airbus A321neo,0,TR 875,經濟艙,3620,2588,3798.0,177517.58,3448.0,23,91
2025-02-25,星期二,凌晨1:30,凌晨班機,TPE,清晨6:15,早晨抵達,SIN,酷航,4,直達航班。,Non-stop,4 小時 45 分鐘,No,Boeing 787,1,TR 897,經濟艙,3877,2399,3798.0,225604.61,3823.0,40,91
2025-02-25,星期二,晚上10:20,晚間班機,TPE,"凌晨3:05 (星期三, 2月 26)",凌晨抵達,SIN,酷航,4,直達航班。,Non-stop,4 小時 45 分鐘,No,Boeing 787,1,TR 893,經濟艙,3639,2898,3298.0,1455849.69,3573.0,55,91
2025-02-25,星期二,清晨7:25,早晨班機,TPE,中午12:05,下午抵達,SIN,長榮航空,1,直達航班。,Non-stop,4 小時 40 分鐘,No,Boeing 777,1,BR 225,經濟艙,6086,5739,6129.0,29873.39,6185.25,18,91
2025-02-26,星期三,上午8:20,早晨班機,TPE,下午1:05,下午抵達,SIN,中華航空,2,直達航班。,Non-stop,4 小時 45 分鐘,No,Airbus A350,1,CI 753,經濟艙,6315,5552,6151.0,892811.53,6374.25,64,91
2025-02-26,星期三,上午8:25,早晨班機,TPE,下午1:25,下午抵達,SIN,星宇航空,0,直達航班。,Non-stop,5 小時,No,Airbus A321neo,0,JX 771,經濟艙,7298,7207,7256.0,19694.97,7384.0,34,43
2025-02-26,星期三,上午8:45,早晨班機,TPE,下午1:25,下午抵達,SIN,星宇航空,0,直達航班。,Non-stop,4 小時 40 分鐘,No,Airbus A321neo,0,JX 771,經濟艙,7141,6674,7197.0,26229.83,7057.0,82,48
2025-02-26,星期三,上午9:35,上午班機,TPE,下午2:30,下午抵達,SIN,長榮航空,1,直達航班。,Non-stop,4 小時 55 分鐘,No,Boeing 777,1,BR 215,經濟艙,6341,5739,6189.0,299669.74,6332.75,19,91
2025-02-26,星期三,下午2:10,下午班機,TPE,下午6:55,晚間抵達,SIN,新加坡航空,1,直達航班。,Non-stop,4 小時 45 分鐘,No,Boeing 787,1,SQ 877,經濟艙,8636,8138,8536.0,638776.56,8536.0,69,89
2025-02-26,星期三,下午4:10,下午班機,TPE,晚上8:55,晚間抵達,SIN,酷航,4,直達航班。,Non-stop,4 小時 45 分鐘,No,Boeing 787,1,TR 899,經濟艙,4182,3298,4398.0,241391.94,4548.0,85,91
2025-02-26,星期三,下午5:35,下午班機,TPE,晚上10:20,晚間抵達,SIN,新加坡航空,1,直達航班。,Non-stop,4 小時 45 分鐘,No,Boeing 787,1,SQ 879,經濟艙,8984,8138,8536.0,1939648.78,8532.75,69,89
2025-02-26,星期三,凌晨12:20,凌晨班機,TPE,清晨5:05,凌晨抵達,SIN,酷航,4,直達航班。,Non-stop,4 小時 45 分鐘,No,Airbus A321neo,0,TR 875,經濟艙,3805,2898,3298.0,883712.43,4083.0,85,91
2025-02-26,星期三,凌晨1:30,凌晨班機,TPE,清晨6:15,早晨抵達,SIN,酷航,4,直達航班。,Non-stop,4 小時 45 分鐘,No,Boeing 787,1,TR 897,經濟艙,3372,2399,3298.0,353719.52,3373.0,36,91
2025-02-26,星期三,晚上7:55,晚間班機,TPE,"凌晨12:40 (星期四, 2月 27)",凌晨抵達,SIN,中華航空,2,直達航班。,Non-stop,4 小時 45 分鐘,No,Airbus A330,1,CI 755,經濟艙,5531,5219,5488.0,49199.47,5475.25,64,91
2025-02-26,星期三,清晨7:25,早晨班機,TPE,中午12:05,下午抵達,SIN,長榮航空,1,直達航班。,Non-stop,4 小時 40 分鐘,No,Boeing 777,1,BR 225,經濟艙,6088,5739,6129.0,30374.99,6053.25,19,91
2025-02-27,星期四,上午8:20,早晨班機,TPE,下午1:05,下午抵達,SIN,中華航空,2,直達航班。,Non-stop,4 小時 45 分鐘,No,Airbus A350,1,CI 753,經濟艙,9208,5552,8072.0,17454058.64,7168.25,65,90
2025-02-27,星期四,上午8:25,早晨班機,TPE,下午1:25,下午抵達,SIN,星宇航空,0,直達航班。,Non-stop,5 小時,No,Airbus A321neo,0,JX 771,經濟艙,9068,7646,8832.5,1789045.33,9074.75,36,44
2025-02-27,星期四,上午8:45,早晨班機,TPE,下午1:25,下午抵達,SIN,星宇航空,0,直達航班。,Non-stop,4 小時 40 分鐘,No,Airbus A321neo,0,JX 771,經濟艙,7981,7156,7818.0,259790.9,8113.0,59,47
2025-02-27,星期四,上午9:35,上午班機,TPE,下午2:30,下午抵達,SIN,長榮航空,1,直達航班。,Non-stop,4 小時 55 分鐘,No,Boeing 777,1,BR 215,經濟艙,9202,6126,9483.0,8396434.26,10379.25,82,91
2025-02-27,星期四,下午2:10,下午班機,TPE,下午6:55,晚間抵達,SIN,新加坡航空,1,直達航班。,Non-stop,4 小時 45 分鐘,No,Boeing 787,1,SQ 877,經濟艙,9618,8138,8537.0,5463413.3,9322.5,72,89
2025-02-27,星期四,下午4:10,下午班機,TPE,晚上8:55,晚間抵達,SIN,酷航,4,直達航班。,Non-stop,4 小時 45 分鐘,No,Boeing 787,1,TR 899,經濟艙,4428,3298,4398.0,813353.33,4820.5,89,91
2025-02-27,星期四,下午5:35,下午班機,TPE,晚上10:20,晚間抵達,SIN,新加坡航空,1,直達航班。,Non-stop,4 小時 45 分鐘,No,Boeing 787,1,SQ 879,經濟艙,9228,8432,8538.0,2661654.89,8508.25,91,83
2025-02-27,星期四,凌晨1:30,凌晨班機,TPE,清晨6:15,早晨抵達,SIN,酷航,4,直達航班。,Non-stop,4 小時 45 分鐘,No,Boeing 787,1,TR 897,經濟艙,4783,3798,4398.0,974727.47,4248.0,86,91
2025-02-27,星期四,晚上10:20,晚間班機,TPE,"凌晨3:05 (星期五, 2月 28)",凌晨抵達,SIN,酷航,4,直達航班。,Non-stop,4 小時 45 分鐘,No,Boeing 787,1,TR 893,經濟艙,4167,2898,3798.0,890409.01,3948.0,76,91
2025-02-27,星期四,清晨7:25,早晨班機,TPE,中午12:05,下午抵達,SIN,長榮航空,1,直達航班。,Non-stop,4 小時 40 分鐘,No,Boeing 777,1,BR 225,經濟艙,10029,6126,9484.0,9323643.79,9989.0,82,88
2025-02-28,星期五,上午8:20,早晨班機,TPE,下午1:05,下午抵達,SIN,中華航空,2,直達航班。,Non-stop,4 小時 45 分鐘,No,Airbus A350,1,CI 753,經濟艙,9355,6344,9369.0,5541756.63,10137.0,88,90
2025-02-28,星期五,上午8:25,早晨班機,TPE,下午1:25,下午抵達,SIN,星宇航空,0,直達航班。,Non-stop,5 小時,No,Airbus A321neo,0,JX 771,經濟艙,11143,8772,8833.0,17716984.47,9877.5,36,43
2025-02-28,星期五,上午8:45,早晨班機,TPE,下午1:25,下午抵達,SIN,星宇航空,0,直達航班。,Non-stop,4 小時 40 分鐘,No,Airbus A321neo,0,JX 771,經濟艙,8972,8104,8479.0,872758.66,9318.25,84,46
2025-02-28,星期五,上午9:35,上午班機,TPE,下午2:30,下午抵達,SIN,長榮航空,1,直達航班。,Non-stop,4 小時 55 分鐘,No,Boeing 777,1,BR 215,經濟艙,10902,6186,11078.0,7506810.43,9327.5,91,91
2025-02-28,星期五,下午2:10,下午班機,TPE,下午6:55,晚間抵達,SIN,新加坡航空,1,直達航班。,Non-stop,4 小時 45 分鐘,No,Boeing 787,1,SQ 877,經濟艙,9814,8435,8539.0,6022301.27,9052.0,86,82
2025-02-28,星期五,下午4:10,下午班機,TPE,晚上8:55,晚間抵達,SIN,酷航,4,直達航班。,Non-stop,4 小時 45 分鐘,No,Boeing 787,1,TR 899,經濟艙,4349,2898,3798.0,1059784.91,3573.0,73,91
2025-02-28,星期五,下午5:35,下午班機,TPE,晚上10:20,晚間抵達,SIN,新加坡航空,1,直達航班。,Non-stop,4 小時 45 分鐘,No,Boeing 787,1,SQ 879,經濟艙,8872,8146,8536.0,1109519.72,8533.5,41,89
2025-02-28,星期五,凌晨12:20,凌晨班機,TPE,清晨5:05,凌晨抵達,SIN,酷航,4,直達航班。,Non-stop,4 小時 45 分鐘,No,Airbus A321neo,0,TR 875,經濟艙,4585,3298,4398.0,965070.43,4423.0,91,91
2025-02-28,星期五,凌晨1:30,凌晨班機,TPE,清晨6:15,早晨抵達,SIN,酷航,4,直達航班。,Non-stop,4 小時 45 分鐘,No,Boeing 787,1,TR 897,經濟艙,4602,3298,3798.0,1650629.04,4398.0,91,91
2025-02-28,星期五,晚上7:55,晚間班機,TPE,"凌晨12:40 (星期六, 3月 1)",凌晨抵達,SIN,中華航空,2,直達航班。,Non-stop,4 小時 45 分鐘,No,Airbus A330,1,CI 755,經濟艙,5524,5219,5477.0,47807.03,5513.25,66,91
2025-02-28,星期五,清晨7:25,早晨班機,TPE,中午12:05,下午抵達,SIN,長榮航空,1,直達航班。,Non-stop,4 小時 40 分鐘,No,Boeing 777,1,BR 225,經濟艙,11234,7541,11302.0,4931517.98,9545.25,83,91
2025-03-01,星期六,上午8:20,早晨班機,TPE,下午1:05,下午抵達,SIN,中華航空,2,直達航班。,Non-stop,4 小時 45 分鐘,No,Airbus A350,1,CI 753,經濟艙,5857,5552,5812.0,58794.05,5625.0,67,91
2025-03-01,星期六,上午8:25,早晨班機,TPE,下午1:25,下午抵達,SIN,星宇航空,0,直達航班。,Non-stop,5 小時,No,Airbus A321neo,0,JX 771,經濟艙,5684,5327,5770.0,98232.93,5549.75,36,46
2025-03-01,星期六,上午8:45,早晨班機,TPE,下午1:25,下午抵達,SIN,星宇航空,0,直達航班。,Non-stop,4 小時 40 分鐘,No,Airbus A321neo,0,JX 771,經濟艙,5678,5278,5883.0,81819.94,5734.0,66,45
2025-03-01,星期六,上午9:35,上午班機,TPE,下午2:30,下午抵達,SIN,長榮航空,1,直達航班。,Non-stop,4 小時 55 分鐘,No,Boeing 777,1,BR 215,經濟艙,6139,5739,6129.0,102001.38,6118.25,22,91
2025-03-01,星期六,下午2:10,下午班機,TPE,下午6:55,晚間抵達,SIN,新加坡航空,1,直達航班。,Non-stop,4 小時 45 分鐘,No,Boeing 787,1,SQ 877,經濟艙,8295,8136,8144.0,57683.45,8586.75,85,89
2025-03-01,星期六,下午4:05,下午班機,TPE,晚上8:55,晚間抵達,SIN,新加坡航空,1,直達航班。,Non-stop,4 小時 50 分鐘,No,Airbus A350,1,SQ 881,經濟艙,8506,8136,8529.0,169877.44,8337.75,84,89
2025-03-01,星期六,下午4:10,下午班機,TPE,晚上8:55,晚間抵達,SIN,酷航,4,直達航班。,Non-stop,4 小時 45 分鐘,No,Boeing 787,1,TR 899,經濟艙,4198,3298,4398.0,238000.0,4698.0,38,91
2025-03-01,星期六,下午5:35,下午班機,TPE,晚上10:20,晚間抵達,SIN,新加坡航空,1,直達航班。,Non-stop,4 小時 45 分鐘,No,Boeing 787,1,SQ 879,經濟艙,8245,8136,8145.0,29424.92,8242.5,85,89
2025-03-01,星期六,凌晨12:20,凌晨班機,TPE,清晨5:05,凌晨抵達,SIN,酷航,4,直達航班。,Non-stop,4 小時 45 分鐘,No,Airbus A321neo,0,TR 875,經濟艙,3258,2399,3298.0,215137.56,3098.0,38,91
2025-03-01,星期六,凌晨1:30,凌晨班機,TPE,清晨6:15,早晨抵達,SIN,酷航,4,直達航班。,Non-stop,4 小時 45 分鐘,No,Boeing 787,1,TR 897,經濟艙,3216,2399,3298.0,187664.15,3098.0,19,91
2025-03-01,星期六,晚上10:20,晚間班機,TPE,"凌晨3:05 (星期日, 3月 2)",凌晨抵達,SIN,酷航,4,直達航班。,Non-stop,4 小時 45 分鐘,No,Boeing 787,1,TR 893,經濟艙,3474,2399,3798.0,232843.26,3798.0,42,91
2025-03-01,星期六,晚上7:55,晚間班機,TPE,"凌晨12:40 (星期日, 3月 2)",凌晨抵達,SIN,中華航空,2,直達航班。,Non-stop,4 小時 45 分鐘,No,Airbus A330,1,CI 755,經濟艙,5518,5219,5470.0,47741.07,5469.25,67,91
2025-03-01,星期六,清晨7:25,早晨班機,TPE,中午12:05,下午抵達,SIN,長榮航空,1,直達航班。,Non-stop,4 小時 40 分鐘,No,Boeing 777,1,BR 225,經濟艙,6139,5739,6129.0,102001.38,6052.25,22,91
2025-03-02,星期日,上午8:20,早晨班機,TPE,下午1:05,下午抵達,SIN,中華航空,2,直達航班。,Non-stop,4 小時 45 分鐘,No,Airbus A350,1,CI 753,經濟艙,5852,5552,5812.0,58093.29,5799.75,68,91
2025-03-02,星期日,上午8:40,早晨班機,TPE,下午1:25,下午抵達,SIN,星宇航空,0,直達航班。,Non-stop,4 小時 45 分鐘,No,Airbus A321neo,0,JX 771,經濟艙,5691,5327,5770.0,73676.85,5691.0,37,47
2025-03-02,星期日,上午8:45,早晨班機,TPE,下午1:25,下午抵達,SIN,星宇航空,0,直達航班。,Non-stop,4 小時 40 分鐘,No,Airbus A321neo,0,JX 771,經濟艙,5874,5278,5890.0,152442.52,6061.25,67,44
2025-03-02,星期日,上午9:35,上午班機,TPE,下午2:30,下午抵達,SIN,長榮航空,1,直達航班。,Non-stop,4 小時 55 分鐘,No,Boeing 777,1,BR 215,經濟艙,6244,5739,6131.0,230648.23,6882.5,23,91
2025-03-02,星期日,下午2:10,下午班機,TPE,下午6:55,晚間抵達,SIN,新加坡航空,1,直達航班。,Non-stop,4 小時 45 分鐘,No,Boeing 787,1,SQ 877,經濟艙,8563,8136,8535.0,772012.66,8437.5,86,89
2025-03-02,星期日,下午4:05,下午班機,TPE,晚上8:55,晚間抵達,SIN,新加坡航空,1,直達航班。,Non-stop,4 小時 50 分鐘,No,Airbus A350,1,SQ 881,經濟艙,9457,8136,8538.0,3300010.92,8732.25,86,89
2025-03-02,星期日,下午4:10,下午班機,TPE,晚上8:55,晚間抵達,SIN,酷航,4,直達航班。,Non-stop,4 小時 45 分鐘,No,Boeing 787,1,TR 899,經濟艙,4836,3798,4398.0,302439.56,4698.0,57,91
2025-03-02,星期日,下午5:35,下午班機,TPE,晚上10:20,晚間抵達,SIN,新加坡航空,1,直達航班。,Non-stop,4 小時 45 分鐘,No,Boeing 787,1,SQ 879,經濟艙,9255,8139,8530.0,2533014.84,8610.25,91,89
2025-03-02,星期日,凌晨12:20,凌晨班機,TPE,清晨5:05,凌晨抵達,SIN,酷航,4,直達航班。,Non-stop,4 小時 45 分鐘,No,Airbus A321neo,0,TR 875,經濟艙,3877,2898,3798.0,221670.33,3948.0,34,91
2025-03-02,星期日,凌晨1:30,凌晨班機,TPE,清晨6:15,早晨抵達,SIN,酷航,4,直達航班。,Non-stop,4 小時 45 分鐘,No,Boeing 787,1,TR 897,經濟艙,3619,2898,3798.0,170781.44,3298.0,56,91
2025-03-02,星期日,晚上10:20,晚間班機,TPE,"凌晨3:05 (星期一, 3月 3)",凌晨抵達,SIN,酷航,4,直達航班。,Non-stop,4 小時 45 分鐘,No,Boeing 787,1,TR 893,經濟艙,3471,2898,3298.0,248459.1,3548.0,89,91
2025-03-02,星期日,晚上7:55,晚間班機,TPE,"凌晨12:40 (星期一, 3月 3)",凌晨抵達,SIN,中華航空,2,直達航班。,Non-stop,4 小時 45 分鐘,No,Airbus A330,1,CI 755,經濟艙,5513,5219,5470.0,47137.27,5464.0,68,91
2025-03-02,星期日,清晨7:25,早晨班機,TPE,中午12:05,下午抵達,SIN,長榮航空,1,直達航班。,Non-stop,4 小時 40 分鐘,No,Boeing 777,1,BR 225,經濟艙,6116,5739,6129.0,55040.88,6322.0,23,91
2025-03-03,星期一,上午8:20,早晨班機,TPE,下午1:05,下午抵達,SIN,中華航空,2,直達航班。,Non-stop,4 小時 45 分鐘,No,Airbus A350,1,CI 753,經濟艙,5851,5552,5812.0,58367.72,5826.5,69,91
2025-03-03,星期一,上午8:25,早晨班機,TPE,下午1:25,下午抵達,SIN,星宇航空,0,直達航班。,Non-stop,5 小時,No,Airbus A321neo,0,JX 771,經濟艙,5514,5327,5386.0,57576.7,5898.0,38,48
2025-03-03,星期一,上午8:45,早晨班機,TPE,下午1:25,下午抵達,SIN,星宇航空,0,直達航班。,Non-stop,4 小時 40 分鐘,No,Airbus A321neo,0,JX 771,經濟艙,5668,5278,5883.0,83595.44,5748.0,68,43
2025-03-03,星期一,上午9:35,上午班機,TPE,下午2:30,下午抵達,SIN,長榮航空,1,直達航班。,Non-stop,4 小時 55 分鐘,No,Boeing 777,1,BR 215,經濟艙,6095,5739,6129.0,32880.03,5984.0,24,91
2025-03-03,星期一,下午2:10,下午班機,TPE,下午6:55,晚間抵達,SIN,新加坡航空,1,直達航班。,Non-stop,4 小時 45 分鐘,No,Boeing 787,1,SQ 877,經濟艙,8253,8136,8143.0,58716.46,8140.75,87,89
2025-03-03,星期一,下午4:10,下午班機,TPE,晚上8:55,晚間抵達,SIN,酷航,4,直達航班。,Non-stop,4 小時 45 分鐘,No,Boeing 787,1,TR 899,經濟艙,4280,3298,4398.0,252131.87,4548.0,37,91
2025-03-03,星期一,下午5:35,下午班機,TPE,晚上10:20,晚間抵達,SIN,新加坡航空,1,直達航班。,Non-stop,4 小時 45 分鐘,No,Boeing 787,1,SQ 879,經濟艙,8169,8136,8143.0,9876.07,8144.75,87,89
2025-03-03,星期一,凌晨1:30,凌晨班機,TPE,清晨6:15,早晨抵達,SIN,酷航,4,直達航班。,Non-stop,4 小時 45 分鐘,No,Boeing 787,1,TR 897,經濟艙,3414,2898,3298.0,361169.72,3748.0,90,91
2025-03-03,星期一,晚上7:55,晚間班機,TPE,"凌晨12:40 (星期二, 3月 4)",凌晨抵達,SIN,中華航空,2,直達航班。,Non-stop,4 小時 45 分鐘,No,Airbus A330,1,CI 755,經濟艙,5512,5219,5470.0,47331.98,5503.0,69,91
2025-03-03,星期一,清晨7:25,早晨班機,TPE,中午12:05,下午抵達,SIN,長榮航空,1,直達航班。,Non-stop,4 小時 40 分鐘,No,Boeing 777,1,BR 225,經濟艙,6095,5739,6129.0,32880.03,6181.5,24,91
2025-03-04,星期二,上午8:20,早晨班機,TPE,下午1:05,下午抵達,SIN,中華航空,2,直達航班。,Non-stop,4 小時 45 分鐘,No,Airbus A350,1,CI 753,經濟艙,5850,5552,5812.0,58500.68,5797.0,70,91
2025-03-04,星期二,上午8:25,早晨班機,TPE,下午1:25,下午抵達,SIN,星宇航空,0,直達航班。,Non-stop,5 小時,No,Airbus A321neo,0,JX 771,經濟艙,5504,5327,5386.0,55542.65,5513.25,39,49
2025-03-04,星期二,上午8:45,早晨班機,TPE,下午1:25,下午抵達,SIN,星宇航空,0,直達航班。,Non-stop,4 小時 40 分鐘,No,Airbus A321neo,0,JX 771,經濟艙,5663,5278,5883.0,84470.56,5581.75,69,42
2025-03-04,星期二,上午9:35,上午班機,TPE,下午2:30,下午抵達,SIN,長榮航空,1,直達航班。,Non-stop,4 小時 55 分鐘,No,Boeing 777,1,BR 215,經濟艙,6097,5739,6129.0,33377.4,6034.0,25,91
2025-03-04,星期二,下午2:10,下午班機,TPE,下午6:55,晚間抵達,SIN,新加坡航空,1,直達航班。,Non-stop,4 小時 45 分鐘,No,Boeing 787,1,SQ 877,經濟艙,8143,8136,8143.0,11.03,8145.0,88,89
2025-03-04,星期二,下午4:10,下午班機,TPE,晚上8:55,晚間抵達,SIN,酷航,4,直達航班。,Non-stop,4 小時 45 分鐘,No,Boeing 787,1,TR 899,經濟艙,4100,2898,3798.0,258884.0,4248.0,35,91
2025-03-04,星期二,下午5:35,下午班機,TPE,晚上10:20,晚間抵達,SIN,新加坡航空,1,直達航班。,Non-stop,4 小時 45 分鐘,No,Boeing 787,1,SQ 879,經濟艙,8143,8136,8143.0,11.03,8140.25,88,89
2025-03-04,星期二,凌晨12:20,凌晨班機,TPE,清晨5:05,凌晨抵達,SIN,酷航,4,直達航班。,Non-stop,4 小時 45 分鐘,No,Airbus A321neo,0,TR 875,經濟艙,2953,2299,2898.0,288171.14,2795.75,83,91
2025-03-04,星期二,凌晨1:30,凌晨班機,TPE,清晨6:15,早晨抵達,SIN,酷航,4,直達航班。,Non-stop,4 小時 45 分鐘,No,Boeing 787,1,TR 897,經濟艙,2880,2299,2588.0,1548472.5,2795.75,83,91
2025-03-04,星期二,晚上10:20,晚間班機,TPE,"凌晨3:05 (星期三, 3月 5)",凌晨抵達,SIN,酷航,4,直達航班。,Non-stop,4 小時 45 分鐘,No,Boeing 787,1,TR 893,經濟艙,2645,2399,2588.0,23956.56,2820.5,41,91
2025-03-04,星期二,晚上7:55,晚間班機,TPE,"凌晨12:40 (星期三, 3月 5)",凌晨抵達,SIN,中華航空,2,直達航班。,Non-stop,4 小時 45 分鐘,No,Airbus A330,1,CI 755,經濟艙,5512,5219,5470.0,47432.76,5452.5,70,91
2025-03-04,星期二,清晨7:25,早晨班機,TPE,中午12:05,下午抵達,SIN,長榮航空,1,直達航班。,Non-stop,4 小時 40 分鐘,No,Boeing 777,1,BR 225,經濟艙,6097,5739,6129.0,33377.4,6039.0,25,91
2025-03-05,星期三,上午8:20,早晨班機,TPE,下午1:05,下午抵達,SIN,中華航空,2,直達航班。,Non-stop,4 小時 45 分鐘,No,Airbus A350,1,CI 753,經濟艙,5850,5552,5812.0,58611.01,5854.0,71,91
2025-03-05,星期三,上午8:25,早晨班機,TPE,下午1:25,下午抵達,SIN,星宇航空,0,直達航班。,Non-stop,5 小時,No,Airbus A321neo,0,JX 771,經濟艙,5501,5327,5386.5,54672.03,5371.0,40,50
2025-03-05,星期三,上午8:45,早晨班機,TPE,下午1:25,下午抵達,SIN,星宇航空,0,直達航班。,Non-stop,4 小時 40 分鐘,No,Airbus A321neo,0,JX 771,經濟艙,5658,5278,5883.0,85342.54,5445.25,70,41
2025-03-05,星期三,上午9:35,上午班機,TPE,下午2:30,下午抵達,SIN,長榮航空,1,直達航班。,Non-stop,4 小時 55 分鐘,No,Boeing 777,1,BR 215,經濟艙,6098,5739,6129.0,33893.38,6255.0,26,91
2025-03-05,星期三,下午2:10,下午班機,TPE,下午6:55,晚間抵達,SIN,新加坡航空,1,直達航班。,Non-stop,4 小時 45 分鐘,No,Boeing 787,1,SQ 877,經濟艙,8259,8136,8143.0,1204368.39,8144.75,89,90
2025-03-05,星期三,下午4:05,下午班機,TPE,晚上8:55,晚間抵達,SIN,新加坡航空,1,直達航班。,Non-stop,4 小時 50 分鐘,No,Airbus A350,1,SQ 881,經濟艙,8143,8136,8143.0,10.77,8143.0,89,89
2025-03-05,星期三,下午4:10,下午班機,TPE,晚上8:55,晚間抵達,SIN,酷航,4,直達航班。,Non-stop,4 小時 45 分鐘,No,Boeing 787,1,TR 899,經濟艙,3941,3298,3798.0,127142.86,4248.0,63,91
2025-03-05,星期三,下午5:35,下午班機,TPE,晚上10:20,晚間抵達,SIN,新加坡航空,1,直達航班。,Non-stop,4 小時 45 分鐘,No,Boeing 787,1,SQ 879,經濟艙,8143,8136,8143.0,10.77,8142.0,89,89
2025-03-05,星期三,凌晨12:20,凌晨班機,TPE,清晨5:05,凌晨抵達,SIN,酷航,4,直達航班。,Non-stop,4 小時 45 分鐘,No,Airbus A321neo,0,TR 875,經濟艙,2628,2299,2588.0,20899.85,2515.75,83,91
2025-03-05,星期三,凌晨1:30,凌晨班機,TPE,清晨6:15,早晨抵達,SIN,酷航,4,直達航班。,Non-stop,4 小時 45 分鐘,No,Boeing 787,1,TR 897,經濟艙,2600,2299,2588.0,17685.84,2493.5,83,91
2025-03-05,星期三,晚上7:55,晚間班機,TPE,"凌晨12:40 (星期四, 3月 6)",凌晨抵達,SIN,中華航空,2,直達航班。,Non-stop,4 小時 45 分鐘,No,Airbus A330,1,CI 755,經濟艙,5511,5219,5470.0,47515.53,5542.25,71,91
2025-03-05,星期三,清晨7:25,早晨班機,TPE,中午12:05,下午抵達,SIN,長榮航空,1,直達航班。,Non-stop,4 小時 40 分鐘,No,Boeing 777,1,BR 225,經濟艙,6098,5739,6129.0,33893.38,6044.25,26,91
2025-03-06,星期四,上午8:20,早晨班機,TPE,下午1:05,下午抵達,SIN,中華航空,2,直達航班。,Non-stop,4 小時 45 分鐘,No,Airbus A350,1,CI 753,經濟艙,5851,5552,5812.0,58146.33,6024.5,72,91
2025-03-06,星期四,上午8:25,早晨班機,TPE,下午1:25,下午抵達,SIN,星宇航空,0,直達航班。,Non-stop,5 小時,No,Airbus A321neo,0,JX 771,經濟艙,5721,5327,5771.0,62503.83,5563.75,41,51
2025-03-06,星期四,上午8:45,早晨班機,TPE,下午1:25,下午抵達,SIN,星宇航空,0,直達航班。,Non-stop,4 小時 40 分鐘,No,Airbus A321neo,0,JX 771,經濟艙,5652,5278,5883.0,86159.89,5609.0,71,40
2025-03-06,星期四,上午9:35,上午班機,TPE,下午2:30,下午抵達,SIN,長榮航空,1,直達航班。,Non-stop,4 小時 55 分鐘,No,Boeing 777,1,BR 215,經濟艙,6680,5829,6288.0,513393.36,6784.75,72,91
2025-03-06,星期四,下午2:10,下午班機,TPE,下午6:55,晚間抵達,SIN,新加坡航空,1,直達航班。,Non-stop,4 小時 45 分鐘,No,Boeing 787,1,SQ 877,經濟艙,8259,8136,8143.0,1204352.81,8143.75,90,90
2025-03-06,星期四,下午4:10,下午班機,TPE,晚上8:55,晚間抵達,SIN,酷航,4,直達航班。,Non-stop,4 小時 45 分鐘,No,Boeing 787,1,TR 899,經濟艙,3383,2898,3298.0,146871.79,3448.0,85,91
2025-03-06,星期四,下午5:35,下午班機,TPE,晚上10:20,晚間抵達,SIN,新加坡航空,1,直達航班。,Non-stop,4 小時 45 分鐘,No,Boeing 787,1,SQ 879,經濟艙,8143,8136,8143.0,10.79,8144.25,90,89
2025-03-06,星期四,凌晨1:30,凌晨班機,TPE,清晨6:15,早晨抵達,SIN,酷航,4,直達航班。,Non-stop,4 小時 45 分鐘,No,Boeing 787,1,TR 897,經濟艙,2919,2399,2898.0,114271.81,2998.0,43,91
2025-03-06,星期四,晚上10:20,晚間班機,TPE,"凌晨3:05 (星期五, 3月 7)",凌晨抵達,SIN,酷航,4,直達航班。,Non-stop,4 小時 45 分鐘,No,Boeing 787,1,TR 893,經濟艙,2717,2299,2588.0,68807.03,2770.75,85,91
2025-03-06,星期四,晚上7:55,晚間班機,TPE,"凌晨12:40 (星期五, 3月 7)",凌晨抵達,SIN,中華航空,2,直達航班。,Non-stop,4 小時 45 分鐘,No,Airbus A330,1,CI 755,經濟艙,5512,5219,5470.0,47168.02,5553.75,72,91
2025-03-06,星期四,清晨7:25,早晨班機,TPE,中午12:05,下午抵達,SIN,長榮航空,1,直達航班。,Non-stop,4 小時 40 分鐘,No,Boeing 777,1,BR 225,經濟艙,6100,5739,6129.0,34466.53,5958.0,27,91
2025-03-07,星期五,上午8:20,早晨班機,TPE,下午1:05,下午抵達,SIN,中華航空,2,直達航班。,Non-stop,4 小時 45 分鐘,No,Airbus A350,1,CI 753,經濟艙,5852,5552,5812.0,57673.42,5695.5,73,91
2025-03-07,星期五,上午8:25,早晨班機,TPE,下午1:25,下午抵達,SIN,星宇航空,0,直達航班。,Non-stop,5 小時,No,Airbus A321neo,0,JX 771,經濟艙,5834,5327,5771.0,84573.98,5797.5,42,52
2025-03-07,星期五,上午8:45,早晨班機,TPE,下午1:25,下午抵達,SIN,星宇航空,0,直達航班。,Non-stop,4 小時 40 分鐘,No,Airbus A321neo,0,JX 771,經濟艙,5764,5278,5883.0,138336.22,5702.25,72,39
2025-03-07,星期五,上午9:35,上午班機,TPE,下午2:30,下午抵達,SIN,長榮航空,1,直達航班。,Non-stop,4 小時 55 分鐘,No,Boeing 777,1,BR 215,經濟艙,6102,5739,6129.0,35031.07,6112.5,28,91
2025-03-07,星期五,下午2:10,下午班機,TPE,下午6:55,晚間抵達,SIN,新加坡航空,1,直達航班。,Non-stop,4 小時 45 分鐘,No,Boeing 787,1,SQ 877,經濟艙,8207,8136,8143.0,366354.65,8143.0,91,89
2025-03-07,星期五,下午4:05,下午班機,TPE,晚上8:55,晚間抵達,SIN,新加坡航空,1,直達航班。,Non-stop,4 小時 50 分鐘,No,Airbus A350,1,SQ 881,經濟艙,8169,8136,8143.0,9965.98,8142.0,91,89
2025-03-07,星期五,下午4:10,下午班機,TPE,晚上8:55,晚間抵達,SIN,酷航,4,直達航班。,Non-stop,4 小時 45 分鐘,No,Boeing 787,1,TR 899,經濟艙,3936,2898,3798.0,318615.38,3648.0,38,91
2025-03-07,星期五,下午5:35,下午班機,TPE,晚上10:20,晚間抵達,SIN,新加坡航空,1,直達航班。,Non-stop,4 小時 45 分鐘,No,Boeing 787,1,SQ 879,經濟艙,8169,8136,8143.0,9965.98,8140.75,91,89
2025-03-07,星期五,凌晨12:20,凌晨班機,TPE,凌晨4:55,凌晨抵達,SIN,酷航,4,直達航班。,Non-stop,4 小時 35 分鐘,No,Airbus A321neo,0,TR 875,經濟艙,3740,2399,3798.0,316651.51,3823.0,25,91
2025-03-07,星期五,晚上7:55,晚間班機,TPE,"凌晨12:40 (星期六, 3月 8)",凌晨抵達,SIN,中華航空,2,直達航班。,Non-stop,4 小時 45 分鐘,No,Airbus A330,1,CI 755,經濟艙,5513,5219,5470.0,46813.65,5479.75,73,91
2025-03-07,星期五,清晨7:25,早晨班機,TPE,中午12:05,下午抵達,SIN,長榮航空,1,直達航班。,Non-stop,4 小時 40 分鐘,No,Boeing 777,1,BR 225,經濟艙,6102,5739,6129.0,35031.07,6217.25,28,91
2025-03-08,星期六,上午8:20,早晨班機,TPE,下午1:05,下午抵達,SIN,中華航空,2,直達航班。,Non-stop,4 小時 45 分鐘,No,Airbus A350,1,CI 753,經濟艙,5854,5552,5812.0,57045.7,5873.75,74,91
2025-03-08,星期六,上午8:25,早晨班機,TPE,下午1:25,下午抵達,SIN,星宇航空,0,直達航班。,Non-stop,5 小時,No,Airbus A321neo,0,JX 771,經濟艙,6076,5714,5772.0,230166.29,5757.0,43,53
2025-03-08,星期六,上午8:45,早晨班機,TPE,下午1:25,下午抵達,SIN,星宇航空,0,直達航班。,Non-stop,4 小時 40 分鐘,No,Airbus A321neo,0,JX 771,經濟艙,6550,5660,6432.0,358154.13,6399.0,73,38
2025-03-08,星期六,上午9:35,上午班機,TPE,下午2:30,下午抵達,SIN,長榮航空,1,直達航班。,Non-stop,4 小時 55 分鐘,No,Boeing 777,1,BR 215,經濟艙,6134,5739,6130.0,67580.4,6357.25,29,91
2025-03-08,星期六,下午2:10,下午班機,TPE,下午6:55,晚間抵達,SIN,新加坡航空,1,直達航班。,Non-stop,4 小時 45 分鐘,No,Boeing 787,1,SQ 877,經濟艙,9099,8136,8146.0,4542179.43,8141.5,91,89
2025-03-08,星期六,下午4:05,下午班機,TPE,晚上8:55,晚間抵達,SIN,新加坡航空,1,直達航班。,Non-stop,4 小時 50 分鐘,No,Airbus A350,1,SQ 881,經濟艙,8289,8136,8145.0,37037.37,8340.75,91,89
2025-03-08,星期六,下午4:10,下午班機,TPE,晚上8:55,晚間抵達,SIN,酷航,4,直達航班。,Non-stop,4 小時 45 分鐘,No,Boeing 787,1,TR 899,經濟艙,3906,2898,3798.0,296495.73,4248.0,40,91
2025-03-08,星期六,下午5:35,下午班機,TPE,晚上10:20,晚間抵達,SIN,新加坡航空,1,直達航班。,Non-stop,4 小時 45 分鐘,No,Boeing 787,1,SQ 879,經濟艙,8419,8136,8531.0,105684.67,8488.0,91,89
2025-03-08,星期六,凌晨12:20,凌晨班機,TPE,清晨5:05,凌晨抵達,SIN,酷航,4,直達航班。,Non-stop,4 小時 45 分鐘,No,Airbus A321neo,0,TR 875,經濟艙,2984,2399,2898.0,228477.63,2618.25,45,91
2025-03-08,星期六,凌晨1:30,凌晨班機,TPE,清晨6:15,早晨抵達,SIN,酷航,4,直達航班。,Non-stop,4 小時 45 分鐘,No,Boeing 787,1,TR 897,經濟艙,3202,2299,2898.0,323681.64,3645.5,87,91
2025-03-08,星期六,晚上10:20,晚間班機,TPE,"凌晨3:05 (星期日, 3月 9)",凌晨抵達,SIN,酷航,4,直達航班。,Non-stop,4 小時 45 分鐘,No,Boeing 787,1,TR 893,經濟艙,3101,2399,2898.0,135124.76,2998.0,45,91
2025-03-08,星期六,晚上7:55,晚間班機,TPE,"凌晨12:40 (星期日, 3月 9)",凌晨抵達,SIN,中華航空,2,直達航班。,Non-stop,4 小時 45 分鐘,No,Airbus A330,1,CI 755,經濟艙,5515,5219,5470.0,46343.65,5337.5,74,91
2025-03-08,星期六,清晨7:25,早晨班機,TPE,中午12:05,下午抵達,SIN,長榮航空,1,直達航班。,Non-stop,4 小時 40 分鐘,No,Boeing 777,1,BR 225,經濟艙,6104,5739,6130.0,35187.36,6116.5,29,91
2025-03-09,星期日,上午8:20,早晨班機,TPE,下午1:05,下午抵達,SIN,中華航空,2,直達航班。,Non-stop,4 小時 45 分鐘,No,Airbus A350,1,CI 753,經濟艙,5857,5552,5812.0,56836.61,5962.75,75,90
2025-03-09,星期日,上午8:40,早晨班機,TPE,下午1:25,下午抵達,SIN,星宇航空,0,直達航班。,Non-stop,4 小時 45 分鐘,No,Airbus A321neo,0,JX 771,經濟艙,5665,5327,5770.0,61757.46,5692.0,44,53
2025-03-09,星期日,上午8:45,早晨班機,TPE,下午1:25,下午抵達,SIN,星宇航空,0,直達航班。,Non-stop,4 小時 40 分鐘,No,Airbus A321neo,0,JX 771,經濟艙,5657,5278,5884.0,110657.38,5705.0,74,37
2025-03-09,星期日,上午9:35,上午班機,TPE,下午2:30,下午抵達,SIN,長榮航空,1,直達航班。,Non-stop,4 小時 55 分鐘,No,Boeing 777,1,BR 215,經濟艙,6503,5739,6131.0,1150650.06,5909.25,30,90
2025-03-09,星期日,下午2:10,下午班機,TPE,下午6:55,晚間抵達,SIN,新加坡航空,1,直達航班。,Non-stop,4 小時 45 分鐘,No,Boeing 787,1,SQ 877,經濟艙,9973,8136,8537.5,12253429.02,8141.25,91,88
2025-03-09,星期日,下午4:05,下午班機,TPE,晚上8:55,晚間抵達,SIN,新加坡航空,1,直達航班。,Non-stop,4 小時 50 分鐘,No,Airbus A350,1,SQ 881,經濟艙,9839,8142,9126.0,5040998.48,8530.75,45,88
2025-03-09,星期日,下午4:10,下午班機,TPE,晚上8:55,晚間抵達,SIN,酷航,4,直達航班。,Non-stop,4 小時 45 分鐘,No,Boeing 787,1,TR 899,經濟艙,4212,2299,3798.0,715588.7,4048.25,88,90
2025-03-09,星期日,下午5:35,下午班機,TPE,晚上10:20,晚間抵達,SIN,新加坡航空,1,直達航班。,Non-stop,4 小時 45 分鐘,No,Boeing 787,1,SQ 879,經濟艙,9326,8137,8531.0,3748730.7,11094.0,81,88
2025-03-09,星期日,凌晨12:20,凌晨班機,TPE,清晨5:05,凌晨抵達,SIN,酷航,4,直達航班。,Non-stop,4 小時 45 分鐘,No,Airbus A321neo,0,TR 875,經濟艙,3014,2299,2898.0,173960.3,2695.75,88,90
2025-03-09,星期日,凌晨1:30,凌晨班機,TPE,清晨6:15,早晨抵達,SIN,酷航,4,直達航班。,Non-stop,4 小時 45 分鐘,No,Boeing 787,1,TR 897,經濟艙,2988,2399,2898.0,264136.01,3020.75,46,90
2025-03-09,星期日,晚上10:20,晚間班機,TPE,"凌晨3:05 (星期一, 3月 10)",凌晨抵達,SIN,酷航,4,直達航班。,Non-stop,4 小時 45 分鐘,No,Boeing 787,1,TR 893,經濟艙,3174,2399,3298.0,252893.29,3098.0,27,90
2025-03-09,星期日,晚上7:55,晚間班機,TPE,"凌晨12:40 (星期一, 3月 10)",凌晨抵達,SIN,中華航空,2,直達航班。,Non-stop,4 小時 45 分鐘,No,Airbus A330,1,CI 755,經濟艙,5779,5219,5501.5,676071.57,5526.75,75,90
2025-03-09,星期日,清晨7:25,早晨班機,TPE,中午12:05,下午抵達,SIN,長榮航空,1,直達航班。,Non-stop,4 小時 40 分鐘,No,Boeing 777,1,BR 225,經濟艙,6103,5739,6130.5,35576.99,6002.25,30,90
2025-03-10,星期一,上午8:20,早晨班機,TPE,下午1:05,下午抵達,SIN,中華航空,2,直達航班。,Non-stop,4 小時 45 分鐘,No,Airbus A350,1,CI 753,經濟艙,5860,5552,5812.0,56603.45,6053.75,76,89
2025-03-10,星期一,上午8:25,早晨班機,TPE,下午1:25,下午抵達,SIN,星宇航空,0,直達航班。,Non-stop,5 小時,No,Airbus A321neo,0,JX 771,經濟艙,5523,5327,5387.0,60526.58,5628.25,45,53
2025-03-10,星期一,上午8:45,早晨班機,TPE,下午1:25,下午抵達,SIN,星宇航空,0,直達航班。,Non-stop,4 小時 40 分鐘,No,Airbus A321neo,0,JX 771,經濟艙,5626,5278,5883.0,89180.58,5600.5,75,36
2025-03-10,星期一,上午9:35,上午班機,TPE,下午2:30,下午抵達,SIN,長榮航空,1,直達航班。,Non-stop,4 小時 55 分鐘,No,Boeing 777,1,BR 215,經濟艙,6103,5739,6131.0,35975.34,6014.25,31,89
2025-03-10,星期一,下午2:10,下午班機,TPE,下午6:55,晚間抵達,SIN,新加坡航空,1,直達航班。,Non-stop,4 小時 45 分鐘,No,Boeing 787,1,SQ 877,經濟艙,8371,8136,8144.0,1122673.6,8240.25,91,87
2025-03-10,星期一,下午4:10,下午班機,TPE,晚上8:55,晚間抵達,SIN,酷航,4,直達航班。,Non-stop,4 小時 45 分鐘,No,Boeing 787,1,TR 899,經濟艙,4192,3298,4398.0,269172.63,4098.0,89,89
2025-03-10,星期一,下午5:35,下午班機,TPE,晚上10:20,晚間抵達,SIN,新加坡航空,1,直達航班。,Non-stop,4 小時 45 分鐘,No,Boeing 787,1,SQ 879,經濟艙,8166,8136,8143.0,8516.54,8243.25,91,87
2025-03-10,星期一,凌晨1:30,凌晨班機,TPE,清晨6:15,早晨抵達,SIN,酷航,4,直達航班。,Non-stop,4 小時 45 分鐘,No,Boeing 787,1,TR 897,經濟艙,3328,2299,3298.0,518348.26,3473.0,89,89
2025-03-10,星期一,晚上7:55,晚間班機,TPE,"凌晨12:40 (星期二, 3月 11)",凌晨抵達,SIN,中華航空,2,直達航班。,Non-stop,4 小時 45 分鐘,No,Airbus A330,1,CI 755,經濟艙,5520,5219,5470.0,46140.22,5371.5,76,89
2025-03-10,星期一,清晨7:25,早晨班機,TPE,中午12:05,下午抵達,SIN,長榮航空,1,直達航班。,Non-stop,4 小時 40 分鐘,No,Boeing 777,1,BR 225,經濟艙,6103,5739,6131.0,35975.34,6145.75,31,89
2025-03-11,星期二,上午8:20,早晨班機,TPE,下午1:05,下午抵達,SIN,中華航空,2,直達航班。,Non-stop,4 小時 45 分鐘,No,Airbus A350,1,CI 753,經濟艙,5863,5552,5812.0,56344.72,5833.75,77,88
2025-03-11,星期二,上午8:25,早晨班機,TPE,下午1:25,下午抵達,SIN,星宇航空,0,直達航班。,Non-stop,5 小時,No,Airbus A321neo,0,JX 771,經濟艙,5527,5327,5387.0,66327.27,5607.5,46,53
2025-03-11,星期二,上午8:45,早晨班機,TPE,下午1:25,下午抵達,SIN,星宇航空,0,直達航班。,Non-stop,4 小時 40 分鐘,No,Airbus A321neo,0,JX 771,經濟艙,5619,5278,5883.0,89807.58,5735.75,76,35
2025-03-11,星期二,上午9:35,上午班機,TPE,下午2:30,下午抵達,SIN,長榮航空,1,直達航班。,Non-stop,4 小時 55 分鐘,No,Boeing 777,1,BR 215,經濟艙,6103,5739,6131.0,36382.71,6272.5,32,88
2025-03-11,星期二,下午2:10,下午班機,TPE,下午6:55,晚間抵達,SIN,新加坡航空,1,直達航班。,Non-stop,4 小時 45 分鐘,No,Boeing 787,1,SQ 877,經濟艙,9058,8136,8537.0,1769696.52,9765.75,91,86
2025-03-11,星期二,下午4:10,下午班機,TPE,晚上8:55,晚間抵達,SIN,酷航,4,直達航班。,Non-stop,4 小時 45 分鐘,No,Boeing 787,1,TR 899,經濟艙,3601,2588,3298.0,231599.36,3848.0,31,88
2025-03-11,星期二,下午5:35,下午班機,TPE,晚上10:20,晚間抵達,SIN,新加坡航空,1,直達航班。,Non-stop,4 小時 45 分鐘,No,Boeing 787,1,SQ 879,經濟艙,8747,8136,8144.0,1784053.81,8955.5,91,86
2025-03-11,星期二,凌晨12:20,凌晨班機,TPE,清晨5:05,凌晨抵達,SIN,酷航,4,直達航班。,Non-stop,4 小時 45 分鐘,No,Airbus A321neo,0,TR 875,經濟艙,2563,2299,2588.0,7886.27,2588.0,90,88
2025-03-11,星期二,凌晨1:30,凌晨班機,TPE,清晨6:15,早晨抵達,SIN,酷航,4,直達航班。,Non-stop,4 小時 45 分鐘,No,Boeing 787,1,TR 897,經濟艙,2568,2299,2588.0,16087.08,2468.5,90,88
2025-03-11,星期二,晚上10:20,晚間班機,TPE,"凌晨3:05 (星期三, 3月 12)",凌晨抵達,SIN,酷航,4,直達航班。,Non-stop,4 小時 45 分鐘,No,Boeing 787,1,TR 893,經濟艙,2548,2299,2588.0,9778.32,2588.0,90,88
2025-03-11,星期二,晚上7:55,晚間班機,TPE,"凌晨12:40 (星期三, 3月 12)",凌晨抵達,SIN,中華航空,2,直達航班。,Non-stop,4 小時 45 分鐘,No,Airbus A330,1,CI 755,經濟艙,5522,5219,5470.0,46013.33,5413.25,77,88
2025-03-11,星期二,清晨7:25,早晨班機,TPE,中午12:05,下午抵達,SIN,長榮航空,1,直達航班。,Non-stop,4 小時 40 分鐘,No,Boeing 777,1,BR 225,經濟艙,6103,5739,6131.0,36382.71,5934.25,32,88
2025-03-12,星期三,上午8:20,早晨班機,TPE,下午1:05,下午抵達,SIN,中華航空,2,直達航班。,Non-stop,4 小時 45 分鐘,No,Airbus A350,1,CI 753,經濟艙,5866,5552,5812.0,56058.82,5944.0,78,87
2025-03-12,星期三,上午8:25,早晨班機,TPE,下午1:25,下午抵達,SIN,星宇航空,0,直達航班。,Non-stop,5 小時,No,Airbus A321neo,0,JX 771,經濟艙,5527,5327,5387.0,66057.78,5870.25,47,53
2025-03-12,星期三,上午9:35,上午班機,TPE,下午2:30,下午抵達,SIN,長榮航空,1,直達航班。,Non-stop,4 小時 55 分鐘,No,Boeing 777,1,BR 215,經濟艙,6102,5739,6131.0,36799.42,6243.75,33,87
2025-03-12,星期三,下午2:10,下午班機,TPE,下午6:55,晚間抵達,SIN,新加坡航空,1,直達航班。,Non-stop,4 小時 45 分鐘,No,Boeing 787,1,SQ 877,經濟艙,8278,8136,8143.0,757665.95,8145.25,91,85
2025-03-12,星期三,下午4:05,下午班機,TPE,晚上8:55,晚間抵達,SIN,新加坡航空,1,直達航班。,Non-stop,4 小時 50 分鐘,No,Airbus A350,1,SQ 881,經濟艙,8208,8136,8144.0,21830.22,8143.0,91,85
2025-03-12,星期三,下午4:10,下午班機,TPE,晚上8:55,晚間抵達,SIN,酷航,4,直達航班。,Non-stop,4 小時 45 分鐘,No,Boeing 787,1,TR 899,經濟艙,3396,2588,3298.0,260413.87,3045.5,70,87
2025-03-12,星期三,下午5:35,下午班機,TPE,晚上10:20,晚間抵達,SIN,新加坡航空,1,直達航班。,Non-stop,4 小時 45 分鐘,No,Boeing 787,1,SQ 879,經濟艙,8148,8136,8143.0,1849.42,8141.5,91,85
2025-03-12,星期三,凌晨12:20,凌晨班機,TPE,清晨5:05,凌晨抵達,SIN,酷航,4,直達航班。,Non-stop,4 小時 45 分鐘,No,Airbus A321neo,0,TR 875,經濟艙,2544,2299,2588.0,8452.82,2540.75,91,87
2025-03-12,星期三,凌晨1:30,凌晨班機,TPE,清晨6:15,早晨抵達,SIN,酷航,4,直達航班。,Non-stop,4 小時 45 分鐘,No,Boeing 787,1,TR 897,經濟艙,2542,2299,2588.0,8670.77,2588.0,91,87
2025-03-12,星期三,晚上7:55,晚間班機,TPE,"凌晨12:40 (星期四, 3月 13)",凌晨抵達,SIN,中華航空,2,直達航班。,Non-stop,4 小時 45 分鐘,No,Airbus A330,1,CI 755,經濟艙,5525,5219,5470.0,45868.21,5525.0,78,87
2025-03-12,星期三,清晨7:25,早晨班機,TPE,中午12:05,下午抵達,SIN,長榮航空,1,直達航班。,Non-stop,4 小時 40 分鐘,No,Boeing 777,1,BR 225,經濟艙,6102,5739,6131.0,36799.42,6054.0,33,87
2025-03-13,星期四,上午8:20,早晨班機,TPE,下午1:05,下午抵達,SIN,中華航空,2,直達航班。,Non-stop,4 小時 45 分鐘,No,Airbus A350,1,CI 753,經濟艙,5869,5552,5812.0,55750.86,5650.0,79,86
2025-03-13,星期四,上午8:25,早晨班機,TPE,下午1:25,下午抵達,SIN,星宇航空,0,直達航班。,Non-stop,5 小時,No,Airbus A321neo,0,JX 771,經濟艙,5585,5327,5411.0,68808.75,5499.75,48,53
2025-03-13,星期四,上午9:35,上午班機,TPE,下午2:30,下午抵達,SIN,長榮航空,1,直達航班。,Non-stop,4 小時 55 分鐘,No,Boeing 777,1,BR 215,經濟艙,6102,5739,6145.5,37225.2,6165.5,34,86
2025-03-13,星期四,下午2:10,下午班機,TPE,下午6:55,晚間抵達,SIN,新加坡航空,1,直達航班。,Non-stop,4 小時 45 分鐘,No,Boeing 787,1,SQ 877,經濟艙,9256,8138,8536.0,1980456.33,8683.25,84,84
2025-03-13,星期四,下午4:10,下午班機,TPE,晚上8:55,晚間抵達,SIN,酷航,4,直達航班。,Non-stop,4 小時 45 分鐘,No,Boeing 787,1,TR 899,經濟艙,3202,2299,3298.0,263309.01,3323.0,91,86
2025-03-13,星期四,下午5:35,下午班機,TPE,晚上10:20,晚間抵達,SIN,新加坡航空,1,直達航班。,Non-stop,4 小時 45 分鐘,No,Boeing 787,1,SQ 879,經濟艙,8651,8137,8145.0,840150.53,8143.5,85,84
2025-03-13,星期四,凌晨1:30,凌晨班機,TPE,清晨6:15,早晨抵達,SIN,酷航,4,直達航班。,Non-stop,4 小時 45 分鐘,No,Boeing 787,1,TR 897,經濟艙,2589,2299,2588.0,29310.42,2540.75,91,86
2025-03-13,星期四,晚上10:20,晚間班機,TPE,"凌晨3:05 (星期五, 3月 14)",凌晨抵達,SIN,酷航,4,直達航班。,Non-stop,4 小時 45 分鐘,No,Boeing 787,1,TR 893,經濟艙,2555,2299,2588.0,14206.88,2588.0,91,86
2025-03-13,星期四,晚上7:55,晚間班機,TPE,"凌晨12:40 (星期五, 3月 14)",凌晨抵達,SIN,中華航空,2,直達航班。,Non-stop,4 小時 45 分鐘,No,Airbus A330,1,CI 755,經濟艙,5528,5219,5470.0,45709.44,5486.5,79,86
2025-03-13,星期四,清晨7:25,早晨班機,TPE,中午12:05,下午抵達,SIN,長榮航空,1,直達航班。,Non-stop,4 小時 40 分鐘,No,Boeing 777,1,BR 225,經濟艙,6102,5739,6145.5,37225.2,6062.5,34,86
2025-03-14,星期五,上午8:20,早晨班機,TPE,下午1:05,下午抵達,SIN,中華航空,2,直達航班。,Non-stop,4 小時 45 分鐘,No,Airbus A350,1,CI 753,經濟艙,5870,5552,5812.0,56372.02,5809.25,80,85
2025-03-14,星期五,上午8:25,早晨班機,TPE,下午1:25,下午抵達,SIN,星宇航空,0,直達航班。,Non-stop,5 小時,No,Airbus A321neo,0,JX 771,經濟艙,5820,5332,5770.0,90933.49,5684.75,38,53
2025-03-14,星期五,上午9:35,上午班機,TPE,下午2:30,下午抵達,SIN,長榮航空,1,直達航班。,Non-stop,4 小時 55 分鐘,No,Boeing 777,1,BR 215,經濟艙,6110,5739,6160.0,45057.77,6098.0,35,85
2025-03-14,星期五,下午2:10,下午班機,TPE,下午6:55,晚間抵達,SIN,新加坡航空,1,直達航班。,Non-stop,4 小時 45 分鐘,No,Boeing 787,1,SQ 877,經濟艙,9082,8137,8146.0,3945540.88,8340.0,86,82
2025-03-14,星期五,下午4:05,下午班機,TPE,晚上8:55,晚間抵達,SIN,新加坡航空,1,直達航班。,Non-stop,4 小時 50 分鐘,No,Airbus A350,1,SQ 881,經濟艙,8912,8137,8537.0,1675877.91,8439.5,86,83
2025-03-14,星期五,下午4:10,下午班機,TPE,晚上8:55,晚間抵達,SIN,酷航,4,直達航班。,Non-stop,4 小時 45 分鐘,No,Boeing 787,1,TR 899,經濟艙,4073,3298,3798.0,189739.5,3973.0,89,85
2025-03-14,星期五,下午5:35,下午班機,TPE,晚上10:20,晚間抵達,SIN,新加坡航空,1,直達航班。,Non-stop,4 小時 45 分鐘,No,Boeing 787,1,SQ 879,經濟艙,8545,8137,8145.0,901002.46,8241.0,86,83
2025-03-14,星期五,凌晨12:20,凌晨班機,TPE,凌晨4:55,凌晨抵達,SIN,酷航,4,直達航班。,Non-stop,4 小時 35 分鐘,No,Airbus A321neo,0,TR 875,經濟艙,2614,2299,2588.0,29312.62,2588.0,90,85
2025-03-14,星期五,凌晨1:30,凌晨班機,TPE,清晨6:15,早晨抵達,SIN,酷航,4,直達航班。,Non-stop,4 小時 45 分鐘,No,Boeing 787,1,TR 897,經濟艙,2580,2299,2588.0,10191.13,2540.75,91,85
2025-03-14,星期五,晚上7:55,晚間班機,TPE,"凌晨12:40 (星期六, 3月 15)",凌晨抵達,SIN,中華航空,2,直達航班。,Non-stop,4 小時 45 分鐘,No,Airbus A330,1,CI 755,經濟艙,5557,5219,5497.0,53391.38,5646.75,80,85
2025-03-14,星期五,清晨7:25,早晨班機,TPE,中午12:05,下午抵達,SIN,長榮航空,1,直達航班。,Non-stop,4 小時 40 分鐘,No,Boeing 777,1,BR 225,經濟艙,6205,5739,6221.0,126635.21,6068.25,35,85
2025-03-15,星期六,上午8:20,早晨班機,TPE,下午1:05,下午抵達,SIN,中華航空,2,直達航班。,Non-stop,4 小時 45 分鐘,No,Airbus A350,1,CI 753,經濟艙,5897,5552,5840.0,61818.24,5875.75,81,84
2025-03-15,星期六,上午8:25,早晨班機,TPE,下午1:25,下午抵達,SIN,星宇航空,0,直達航班。,Non-stop,5 小時,No,Airbus A321neo,0,JX 771,經濟艙,5890,5330,5770.0,251142.59,5731.25,41,53
2025-03-15,星期六,上午9:35,上午班機,TPE,下午2:30,下午抵達,SIN,長榮航空,1,直達航班。,Non-stop,4 小時 55 分鐘,No,Boeing 777,1,BR 215,經濟艙,6102,5739,6188.5,38104.49,6184.5,36,84
2025-03-15,星期六,下午2:10,下午班機,TPE,下午6:55,晚間抵達,SIN,新加坡航空,1,直達航班。,Non-stop,4 小時 45 分鐘,No,Boeing 787,1,SQ 877,經濟艙,11512,8137,8538.0,44787198.39,14368.25,87,82
2025-03-15,星期六,下午4:05,下午班機,TPE,晚上8:55,晚間抵達,SIN,新加坡航空,1,直達航班。,Non-stop,4 小時 50 分鐘,No,Airbus A350,1,SQ 881,經濟艙,10194,8137,8536.0,28005942.01,8737.25,87,82
2025-03-15,星期六,下午4:10,下午班機,TPE,晚上8:55,晚間抵達,SIN,酷航,4,直達航班。,Non-stop,4 小時 45 分鐘,No,Boeing 787,1,TR 899,經濟艙,3956,3298,3798.0,196676.71,4098.0,47,84
2025-03-15,星期六,下午5:35,下午班機,TPE,晚上10:20,晚間抵達,SIN,新加坡航空,1,直達航班。,Non-stop,4 小時 45 分鐘,No,Boeing 787,1,SQ 879,經濟艙,9147,8137,8535.0,3513615.58,8833.0,87,82
2025-03-15,星期六,凌晨12:20,凌晨班機,TPE,清晨5:05,凌晨抵達,SIN,酷航,4,直達航班。,Non-stop,4 小時 45 分鐘,No,Airbus A321neo,0,TR 875,經濟艙,3369,2399,3298.0,63487.79,3423.0,33,84
2025-03-15,星期六,凌晨1:30,凌晨班機,TPE,清晨6:15,早晨抵達,SIN,酷航,4,直達航班。,Non-stop,4 小時 45 分鐘,No,Boeing 787,1,TR 897,經濟艙,3318,2399,3298.0,72695.85,3298.0,16,84
2025-03-15,星期六,晚上10:20,晚間班機,TPE,"凌晨3:05 (星期日, 3月 16)",凌晨抵達,SIN,酷航,4,直達航班。,Non-stop,4 小時 45 分鐘,No,Boeing 787,1,TR 893,經濟艙,3127,2399,3298.0,133631.1,2943.0,33,84
2025-03-15,星期六,晚上7:55,晚間班機,TPE,"凌晨12:40 (星期日, 3月 16)",凌晨抵達,SIN,中華航空,2,直達航班。,Non-stop,4 小時 45 分鐘,No,Airbus A330,1,CI 755,經濟艙,5541,5219,5493.0,49268.65,5396.0,81,84
2025-03-15,星期六,清晨7:25,早晨班機,TPE,中午12:05,下午抵達,SIN,長榮航空,1,直達航班。,Non-stop,4 小時 40 分鐘,No,Boeing 777,1,BR 225,經濟艙,6102,5739,6188.5,38104.49,6268.25,36,84
2025-03-16,星期日,上午8:20,早晨班機,TPE,下午1:05,下午抵達,SIN,中華航空,2,直達航班。,Non-stop,4 小時 45 分鐘,No,Airbus A350,1,CI 753,經濟艙,5872,5552,5831.0,57659.59,5920.75,82,83
2025-03-16,星期日,上午8:40,早晨班機,TPE,下午1:25,下午抵達,SIN,星宇航空,0,直達航班。,Non-stop,4 小時 45 分鐘,No,Airbus A321neo,0,JX 771,經濟艙,5665,5328,5388.0,191833.65,5746.5,47,53
2025-03-16,星期日,上午9:35,上午班機,TPE,下午2:30,下午抵達,SIN,長榮航空,1,直達航班。,Non-stop,4 小時 55 分鐘,No,Boeing 777,1,BR 215,經濟艙,6239,5739,6221.0,302858.09,6237.75,37,83
2025-03-16,星期日,下午2:10,下午班機,TPE,下午6:55,晚間抵達,SIN,新加坡航空,1,直達航班。,Non-stop,4 小時 45 分鐘,No,Boeing 787,1,SQ 877,經濟艙,11127,8137,9130.0,23503727.33,10407.0,88,80
2025-03-16,星期日,下午4:05,下午班機,TPE,晚上8:55,晚間抵達,SIN,新加坡航空,1,直達航班。,Non-stop,4 小時 50 分鐘,No,Airbus A350,1,SQ 881,經濟艙,9206,8141,8536.0,2846657.78,10381.25,26,81
2025-03-16,星期日,下午4:10,下午班機,TPE,晚上8:55,晚間抵達,SIN,酷航,4,直達航班。,Non-stop,4 小時 45 分鐘,No,Boeing 787,1,TR 899,經濟艙,4506,3798,4398.0,132976.79,4548.0,39,83
2025-03-16,星期日,下午5:35,下午班機,TPE,晚上10:20,晚間抵達,SIN,新加坡航空,1,直達航班。,Non-stop,4 小時 45 分鐘,No,Boeing 787,1,SQ 879,經濟艙,8999,8141,8539.0,2043163.44,8388.75,26,81
2025-03-16,星期日,凌晨12:20,凌晨班機,TPE,清晨5:05,凌晨抵達,SIN,酷航,4,直達航班。,Non-stop,4 小時 45 分鐘,No,Airbus A321neo,0,TR 875,經濟艙,3309,2399,3298.0,180113.61,3323.0,34,83
2025-03-16,星期日,凌晨1:30,凌晨班機,TPE,清晨6:15,早晨抵達,SIN,酷航,4,直達航班。,Non-stop,4 小時 45 分鐘,No,Boeing 787,1,TR 897,經濟艙,3319,2399,3298.0,392404.74,3448.0,56,83
2025-03-16,星期日,晚上10:20,晚間班機,TPE,"凌晨3:05 (星期一, 3月 17)",凌晨抵達,SIN,酷航,4,直達航班。,Non-stop,4 小時 45 分鐘,No,Boeing 787,1,TR 893,經濟艙,3527,2399,3798.0,690665.21,3945.5,34,83
2025-03-16,星期日,晚上7:55,晚間班機,TPE,"凌晨12:40 (星期一, 3月 17)",凌晨抵達,SIN,中華航空,2,直達航班。,Non-stop,4 小時 45 分鐘,No,Airbus A330,1,CI 755,經濟艙,5598,5219,5502.0,74076.92,5595.5,82,83
2025-03-16,星期日,清晨7:25,早晨班機,TPE,中午12:05,下午抵達,SIN,長榮航空,1,直達航班。,Non-stop,4 小時 40 分鐘,No,Boeing 777,1,BR 225,經濟艙,6115,5739,6221.0,47143.19,6071.0,37,83
2025-03-17,星期一,上午8:20,早晨班機,TPE,下午1:05,下午抵達,SIN,中華航空,2,直達航班。,Non-stop,4 小時 45 分鐘,No,Airbus A350,1,CI 753,經濟艙,5872,5552,5833.5,58327.12,5690.0,83,82
2025-03-17,星期一,上午8:25,早晨班機,TPE,下午1:25,下午抵達,SIN,星宇航空,0,直達航班。,Non-stop,5 小時,No,Airbus A321neo,0,JX 771,經濟艙,5527,5327,5387.0,66057.78,5495.5,52,53
2025-03-17,星期一,上午9:35,上午班機,TPE,下午2:30,下午抵達,SIN,長榮航空,1,直達航班。,Non-stop,4 小時 55 分鐘,No,Boeing 777,1,BR 215,經濟艙,6101,5739,6219.0,39023.44,6177.25,38,82
2025-03-17,星期一,下午2:10,下午班機,TPE,下午6:55,晚間抵達,SIN,新加坡航空,1,直達航班。,Non-stop,4 小時 45 分鐘,No,Boeing 787,1,SQ 877,經濟艙,10894,8530,9130.0,9120498.1,10161.0,89,80
2025-03-17,星期一,下午4:10,下午班機,TPE,晚上8:55,晚間抵達,SIN,酷航,4,直達航班。,Non-stop,4 小時 45 分鐘,No,Boeing 787,1,TR 899,經濟艙,3963,2588,3798.0,585121.36,4248.0,40,82
2025-03-17,星期一,下午5:35,下午班機,TPE,晚上10:20,晚間抵達,SIN,新加坡航空,1,直達航班。,Non-stop,4 小時 45 分鐘,No,Boeing 787,1,SQ 879,經濟艙,9150,8141,8534.0,3326240.33,9864.25,82,80
2025-03-17,星期一,凌晨1:30,凌晨班機,TPE,清晨6:15,早晨抵達,SIN,酷航,4,直達航班。,Non-stop,4 小時 45 分鐘,No,Boeing 787,1,TR 897,經濟艙,3340,2399,2898.0,462138.42,3423.0,54,82
2025-03-17,星期一,晚上7:55,晚間班機,TPE,"凌晨12:40 (星期二, 3月 18)",凌晨抵達,SIN,中華航空,2,直達航班。,Non-stop,4 小時 45 分鐘,No,Airbus A330,1,CI 755,經濟艙,5531,5219,5490.5,47786.01,5736.75,83,82
2025-03-17,星期一,清晨7:25,早晨班機,TPE,中午12:05,下午抵達,SIN,長榮航空,1,直達航班。,Non-stop,4 小時 40 分鐘,No,Boeing 777,1,BR 225,經濟艙,6101,5739,6219.0,39023.44,6104.75,38,82
2025-03-18,星期二,上午8:20,早晨班機,TPE,下午1:05,下午抵達,SIN,中華航空,2,直達航班。,Non-stop,4 小時 45 分鐘,No,Airbus A350,1,CI 753,經濟艙,5873,5552,5836.0,59010.22,6028.75,84,81
2025-03-18,星期二,上午8:25,早晨班機,TPE,下午1:25,下午抵達,SIN,星宇航空,0,直達航班。,Non-stop,5 小時,No,Airbus A321neo,0,JX 771,經濟艙,5635,5327,5769.0,65405.98,5483.5,53,53
2025-03-18,星期二,上午9:35,上午班機,TPE,下午2:30,下午抵達,SIN,長榮航空,1,直達航班。,Non-stop,4 小時 55 分鐘,No,Boeing 777,1,BR 215,經濟艙,6101,5739,6221.0,39509.93,6246.5,39,81
2025-03-18,星期二,下午2:10,下午班機,TPE,下午6:55,晚間抵達,SIN,新加坡航空,1,直達航班。,Non-stop,4 小時 45 分鐘,No,Boeing 787,1,SQ 877,經濟艙,8820,8137,8535.0,1371117.82,9054.25,90,79
2025-03-18,星期二,下午4:10,下午班機,TPE,晚上8:55,晚間抵達,SIN,酷航,4,直達航班。,Non-stop,4 小時 45 分鐘,No,Boeing 787,1,TR 899,經濟艙,4140,3298,3798.0,520780.0,4273.0,90,81
2025-03-18,星期二,下午5:35,下午班機,TPE,晚上10:20,晚間抵達,SIN,新加坡航空,1,直達航班。,Non-stop,4 小時 45 分鐘,No,Boeing 787,1,SQ 879,經濟艙,10765,8531,10996.0,3025255.56,9445.25,89,79
2025-03-18,星期二,凌晨12:20,凌晨班機,TPE,清晨5:05,凌晨抵達,SIN,酷航,4,直達航班。,Non-stop,4 小時 45 分鐘,No,Airbus A321neo,0,TR 875,經濟艙,2819,2399,2898.0,38658.75,2743.0,55,81
2025-03-18,星期二,凌晨1:30,凌晨班機,TPE,清晨6:15,早晨抵達,SIN,酷航,4,直達航班。,Non-stop,4 小時 45 分鐘,No,Boeing 787,1,TR 897,經濟艙,2860,2399,2898.0,102073.54,2795.75,55,81
2025-03-18,星期二,晚上10:20,晚間班機,TPE,"凌晨3:05 (星期三, 3月 19)",凌晨抵達,SIN,酷航,4,直達航班。,Non-stop,4 小時 45 分鐘,No,Boeing 787,1,TR 893,經濟艙,3034,2399,2898.0,180148.86,2898.0,55,81
2025-03-18,星期二,晚上7:55,晚間班機,TPE,"凌晨12:40 (星期三, 3月 19)",凌晨抵達,SIN,中華航空,2,直達航班。,Non-stop,4 小時 45 分鐘,No,Airbus A330,1,CI 755,經濟艙,5532,5219,5493.0,48336.34,5627.5,84,81
2025-03-18,星期二,清晨7:25,早晨班機,TPE,中午12:05,下午抵達,SIN,長榮航空,1,直達航班。,Non-stop,4 小時 40 分鐘,No,Boeing 777,1,BR 225,經濟艙,6101,5739,6221.0,39509.93,6111.25,39,81
2025-03-19,星期三,上午8:20,早晨班機,TPE,下午1:05,下午抵達,SIN,中華航空,2,直達航班。,Non-stop,4 小時 45 分鐘,No,Airbus A350,1,CI 753,經濟艙,5874,5552,5836.0,59709.46,5851.0,85,80
2025-03-19,星期三,上午8:25,早晨班機,TPE,下午1:25,下午抵達,SIN,星宇航空,0,直達航班。,Non-stop,5 小時,No,Airbus A321neo,0,JX 771,經濟艙,5657,5327,5770.0,62854.32,5513.0,54,53
2025-03-19,星期三,上午9:35,上午班機,TPE,下午2:30,下午抵達,SIN,長榮航空,1,直達航班。,Non-stop,4 小時 55 分鐘,No,Boeing 777,1,BR 215,經濟艙,6143,5739,6225.0,66181.14,6033.5,40,80
2025-03-19,星期三,下午2:10,下午班機,TPE,下午6:55,晚間抵達,SIN,新加坡航空,1,直達航班。,Non-stop,4 小時 45 分鐘,No,Boeing 787,1,SQ 877,經濟艙,9591,8137,8538.0,5346353.36,8535.5,91,78
2025-03-19,星期三,下午4:05,下午班機,TPE,晚上8:55,晚間抵達,SIN,新加坡航空,1,直達航班。,Non-stop,4 小時 50 分鐘,No,Airbus A350,1,SQ 881,經濟艙,9521,8143,9127.0,2016946.61,8833.0,32,78
2025-03-19,星期三,下午4:10,下午班機,TPE,晚上8:55,晚間抵達,SIN,酷航,4,直達航班。,Non-stop,4 小時 45 分鐘,No,Boeing 787,1,TR 899,經濟艙,5254,3798,4998.0,1355457.97,4548.0,91,80
2025-03-19,星期三,下午5:35,下午班機,TPE,晚上10:20,晚間抵達,SIN,新加坡航空,1,直達航班。,Non-stop,4 小時 45 分鐘,No,Boeing 787,1,SQ 879,經濟艙,9528,8138,8536.0,3216354.02,9668.0,90,78
2025-03-19,星期三,凌晨12:20,凌晨班機,TPE,清晨5:05,凌晨抵達,SIN,酷航,4,直達航班。,Non-stop,4 小時 45 分鐘,No,Airbus A321neo,0,TR 875,經濟艙,3128,2399,2898.0,137197.85,3298.0,56,80
2025-03-19,星期三,凌晨1:30,凌晨班機,TPE,清晨6:15,早晨抵達,SIN,酷航,4,直達航班。,Non-stop,4 小時 45 分鐘,No,Boeing 787,1,TR 897,經濟艙,3028,2399,2898.0,223227.88,2973.25,37,80
2025-03-19,星期三,晚上7:55,晚間班機,TPE,"凌晨12:40 (星期四, 3月 20)",凌晨抵達,SIN,中華航空,2,直達航班。,Non-stop,4 小時 45 分鐘,No,Airbus A330,1,CI 755,經濟艙,5570,5219,5502.0,52764.66,5439.25,85,80
2025-03-19,星期三,清晨7:25,早晨班機,TPE,中午12:05,下午抵達,SIN,長榮航空,1,直達航班。,Non-stop,4 小時 40 分鐘,No,Boeing 777,1,BR 225,經濟艙,6143,5739,6225.0,66181.14,6100.5,40,80
2025-03-20,星期四,上午8:20,早晨班機,TPE,下午1:05,下午抵達,SIN,中華航空,2,直達航班。,Non-stop,4 小時 45 分鐘,No,Airbus A350,1,CI 753,經濟艙,5875,5552,5836.0,60422.14,6131.75,86,79
2025-03-20,星期四,上午8:25,早晨班機,TPE,下午1:25,下午抵達,SIN,星宇航空,0,直達航班。,Non-stop,5 小時,No,Airbus A321neo,0,JX 771,經濟艙,5944,5384,5771.0,271375.49,6514.0,30,53
2025-03-20,星期四,上午9:35,上午班機,TPE,下午2:30,下午抵達,SIN,長榮航空,1,直達航班。,Non-stop,4 小時 55 分鐘,No,Boeing 777,1,BR 215,經濟艙,6902,5859,6915.0,328406.61,7148.25,33,79
2025-03-20,星期四,下午2:10,下午班機,TPE,下午6:55,晚間抵達,SIN,新加坡航空,1,直達航班。,Non-stop,4 小時 45 分鐘,No,Boeing 787,1,SQ 877,經濟艙,13487,9122,13851.0,6226243.46,14615.25,91,67
2025-03-20,星期四,下午4:10,下午班機,TPE,晚上8:55,晚間抵達,SIN,酷航,4,直達航班。,Non-stop,4 小時 45 分鐘,No,Boeing 787,1,TR 899,經濟艙,4907,4398,4998.0,271085.49,4698.0,91,79
2025-03-20,星期四,下午5:35,下午班機,TPE,晚上10:20,晚間抵達,SIN,新加坡航空,1,直達航班。,Non-stop,4 小時 45 分鐘,No,Boeing 787,1,SQ 879,經濟艙,12375,9126,11003.0,4962040.26,11734.75,70,67
2025-03-20,星期四,凌晨1:30,凌晨班機,TPE,清晨6:15,早晨抵達,SIN,酷航,4,直達航班。,Non-stop,4 小時 45 分鐘,No,Boeing 787,1,TR 897,經濟艙,4194,3298,4398.0,88831.55,4248.0,30,79
2025-03-20,星期四,晚上10:20,晚間班機,TPE,"凌晨3:05 (星期五, 3月 21)",凌晨抵達,SIN,酷航,4,直達航班。,Non-stop,4 小時 45 分鐘,No,Boeing 787,1,TR 893,經濟艙,4064,3298,4398.0,132278.48,4098.0,30,79
2025-03-20,星期四,晚上7:55,晚間班機,TPE,"凌晨12:40 (星期五, 3月 21)",凌晨抵達,SIN,中華航空,2,直達航班。,Non-stop,4 小時 45 分鐘,No,Airbus A330,1,CI 755,經濟艙,5942,5473,5790.0,664183.41,5819.25,30,79
2025-03-20,星期四,清晨7:25,早晨班機,TPE,中午12:05,下午抵達,SIN,長榮航空,1,直達航班。,Non-stop,4 小時 40 分鐘,No,Boeing 777,1,BR 225,經濟艙,6148,5739,6225.0,104367.67,6092.75,41,79
2025-03-21,星期五,上午8:20,早晨班機,TPE,下午1:05,下午抵達,SIN,中華航空,2,直達航班。,Non-stop,4 小時 45 分鐘,No,Airbus A350,1,CI 753,經濟艙,6640,5552,6473.5,560604.54,6564.25,87,78
2025-03-21,星期五,上午8:25,早晨班機,TPE,下午1:25,下午抵達,SIN,星宇航空,0,直達航班。,Non-stop,5 小時,No,Airbus A321neo,0,JX 771,經濟艙,6123,5714,5773.0,289430.98,6069.5,56,53
2025-03-21,星期五,上午9:35,上午班機,TPE,下午2:30,下午抵達,SIN,長榮航空,1,直達航班。,Non-stop,4 小時 55 分鐘,No,Boeing 777,1,BR 215,經濟艙,9208,5833,7698.0,7814232.98,7642.0,86,78
2025-03-21,星期五,下午2:10,下午班機,TPE,下午6:55,晚間抵達,SIN,新加坡航空,1,直達航班。,Non-stop,4 小時 45 分鐘,No,Boeing 787,1,SQ 877,經濟艙,14374,9123,15818.0,24348552.62,14614.5,91,63
2025-03-21,星期五,下午4:05,下午班機,TPE,晚上8:55,晚間抵達,SIN,新加坡航空,1,直達航班。,Non-stop,4 小時 50 分鐘,No,Airbus A350,1,SQ 881,經濟艙,15816,9123,15819.0,42169812.87,18944.0,91,67
2025-03-21,星期五,下午4:10,下午班機,TPE,晚上8:55,晚間抵達,SIN,酷航,4,直達航班。,Non-stop,4 小時 45 分鐘,No,Boeing 787,1,TR 899,經濟艙,6777,4998,6438.0,3109817.88,6745.5,90,76
2025-03-21,星期五,下午5:35,下午班機,TPE,晚上10:20,晚間抵達,SIN,新加坡航空,1,直達航班。,Non-stop,4 小時 45 分鐘,No,Boeing 787,1,SQ 879,經濟艙,15841,9123,15817.0,52768676.51,15328.0,91,76
2025-03-21,星期五,凌晨12:20,凌晨班機,TPE,凌晨4:55,凌晨抵達,SIN,酷航,4,直達航班。,Non-stop,4 小時 35 分鐘,No,Airbus A321neo,0,TR 875,經濟艙,4483,3798,4398.0,148524.01,4908.0,50,78
2025-03-21,星期五,晚上7:55,晚間班機,TPE,"凌晨12:40 (星期六, 3月 22)",凌晨抵達,SIN,中華航空,2,直達航班。,Non-stop,4 小時 45 分鐘,No,Airbus A330,1,CI 755,經濟艙,11282,6721,11239.0,3898614.97,11502.75,88,78
2025-03-21,星期五,清晨7:25,早晨班機,TPE,中午12:05,下午抵達,SIN,長榮航空,1,直達航班。,Non-stop,4 小時 40 分鐘,No,Boeing 777,1,BR 225,經濟艙,7309,5829,6226.0,4547744.44,6117.0,87,78
